﻿<?xml version="1.0" encoding="utf-8" ?>
<c2eventsheet>
    <!--All the 'name' attributes are ignored by Construct 2 - they are there for readability only.-->
    <name>eHUD</name>
    <events>
        <comment>Numbers</comment>
        <event-block sid="9187766560964661">
            <conditions>
                <condition id="-7" name="Compare instance variable" sid="6613512651190522" type="SpriteFonts">
                    <param id="0" name="Instance variable">type</param>
                    <param id="1" name="Comparison">0</param>
                    <param id="2" name="Value">&quot;energy&quot;</param>
                </condition>
            </conditions>
            <actions>
                <action id="0" name="Set text" sid="1507707441235101" type="SpriteFonts">
                    <param id="0" name="Text">zeropad(Data_Player.Get(&quot;Energy&quot;)%100,2)</param>
                </action>
            </actions>
        </event-block>
        <event-block sid="3238777695074482">
            <conditions>
                <condition id="-7" name="Compare instance variable" sid="9250806535089732" type="SpriteFonts">
                    <param id="0" name="Instance variable">type</param>
                    <param id="1" name="Comparison">0</param>
                    <param id="2" name="Value">&quot;missiles&quot;</param>
                </condition>
            </conditions>
            <actions>
                <action id="0" name="Set text" sid="9957556033744561" type="SpriteFonts">
                    <param id="0" name="Text">zeropad(Data_Player.Get(&quot;Missiles&quot;),2)</param>
                </action>
            </actions>
        </event-block>
        <comment>Energy tanks</comment>
        <event-block sid="2096708737881728">
            <conditions>
                <condition id="-7" name="Compare instance variable" sid="7521909364963236" type="HUD_EnergyTank">
                    <param id="0" name="Instance variable">id</param>
                    <param id="1" name="Comparison">3</param>
                    <param id="2" name="Value">Data_Player.Get(&quot;Energy&quot;) / 100</param>
                </condition>
            </conditions>
            <actions>
                <action id="5" name="Set frame" sid="7075834750770622" type="HUD_EnergyTank">
                    <param id="0" name="Frame number">1</param>
                </action>
            </actions>
        </event-block>
        <event-block sid="1310689479563324">
            <conditions>
                <condition id="-7" name="Compare instance variable" sid="2030655013102811" type="HUD_EnergyTank">
                    <param id="0" name="Instance variable">id</param>
                    <param id="1" name="Comparison">4</param>
                    <param id="2" name="Value">Data_Player.Get(&quot;Energy&quot;) / 100</param>
                </condition>
            </conditions>
            <actions>
                <action id="5" name="Set frame" sid="7560121886831456" type="HUD_EnergyTank">
                    <param id="0" name="Frame number">0</param>
                </action>
            </actions>
        </event-block>
        <event-block sid="4251453588921283">
            <conditions>
                <condition id="-7" name="Compare instance variable" sid="2021547052466231" type="HUD_EnergyTank">
                    <param id="0" name="Instance variable">id</param>
                    <param id="1" name="Comparison">3</param>
                    <param id="2" name="Value">Data_Items.Get(&quot;Etanks&quot;)</param>
                </condition>
            </conditions>
            <actions>
                <action id="-15" name="Set visible" sid="9674780948102714" type="HUD_EnergyTank">
                    <param id="0" name="Visibility">1</param>
                </action>
            </actions>
        </event-block>
        <event-block sid="9338445042630814">
            <conditions>
                <condition id="-7" name="Compare instance variable" sid="8360322809205312" type="HUD_EnergyTank">
                    <param id="0" name="Instance variable">id</param>
                    <param id="1" name="Comparison">4</param>
                    <param id="2" name="Value">Data_Items.Get(&quot;Etanks&quot;)</param>
                </condition>
            </conditions>
            <actions>
                <action id="-15" name="Set visible" sid="2100094764711779" type="HUD_EnergyTank">
                    <param id="0" name="Visibility">0</param>
                </action>
            </actions>
        </event-block>
        <comment>Adjust energy / missiles</comment>
        <event-block sid="2627555065099838">
            <conditions>
                <condition id="0" name="On function" sid="9033822863531233" type="Function">
                    <param id="0" name="Name">&quot;Adjust_Energy&quot;</param>
                </condition>
            </conditions>
            <actions>
                <action id="0" name="Add key" sid="3105628074628363" type="Data_Player">
                    <param id="0" name="Key">&quot;Energy&quot;</param>
                    <param id="1" name="Value">clamp(Self.Get(&quot;Energy&quot;) + function.Param(0), 0, 99 + Data_Items.Get(&quot;Etanks&quot;) * 100)</param>
                </action>
            </actions>
        </event-block>
        <event-block sid="6878590660914016">
            <conditions>
                <condition id="0" name="On function" sid="9719521311198558" type="Function">
                    <param id="0" name="Name">&quot;Adjust_Missiles&quot;</param>
                </condition>
            </conditions>
            <actions>
                <action id="0" name="Add key" sid="3823740199775" type="Data_Player">
                    <param id="0" name="Key">&quot;Missiles&quot;</param>
                    <param id="1" name="Value">clamp(Self.Get(&quot;Missiles&quot;) + function.Param(0), 0, Data_Items.Get(&quot;MissileTanks&quot;) * 5)</param>
                </action>
            </actions>
        </event-block>
        <comment>Make missile counter visible if you have missiles</comment>
        <event-block sid="2206380653333436">
            <conditions>
                <condition id="0" name="Compare value" sid="335910724468419" type="Data_Items">
                    <param id="0" name="Key">&quot;MissileTanks&quot;</param>
                    <param id="1" name="Comparison">1</param>
                    <param id="2" name="Value">0</param>
                </condition>
                <condition id="-4" name="Trigger once while true" sid="9137982775708122" type="System" />
            </conditions>
            <actions>
                <action id="-15" name="Set visible" sid="5226205206081906" type="HUD_MissileCounter">
                    <param id="0" name="Visibility">1</param>
                </action>
            </actions>
            <sub-events>
                <event-block sid="3072532896636461">
                    <conditions>
                        <condition id="-7" name="Compare instance variable" sid="3775360900400901" type="SpriteFonts">
                            <param id="0" name="Instance variable">category</param>
                            <param id="1" name="Comparison">0</param>
                            <param id="2" name="Value">&quot;HUD&quot;</param>
                        </condition>
                        <condition id="-7" name="Compare instance variable" sid="4380797920074651" type="SpriteFonts">
                            <param id="0" name="Instance variable">type</param>
                            <param id="1" name="Comparison">0</param>
                            <param id="2" name="Value">&quot;missiles&quot;</param>
                        </condition>
                    </conditions>
                    <actions>
                        <action id="-15" name="Set visible" sid="5923580641142345" type="SpriteFonts">
                            <param id="0" name="Visibility">1</param>
                        </action>
                    </actions>
                </event-block>
            </sub-events>
        </event-block>
    </events>
</c2eventsheet>
