﻿<?xml version="1.0" encoding="utf-8" ?>
<c2eventsheet>
    <!--All the 'name' attributes are ignored by Construct 2 - they are there for readability only.-->
    <name>eMain</name>
    <events>
        <comment>This is the main event sheet used during gameplay.</comment>
        <include>eCutscenes</include>
        <include>eSaveData</include>
        <include>eRoomSystem</include>
        <include>eFX</include>
        <include>eHUD</include>
        <include>eMiniMap</include>
        <include>eSubscreen</include>
        <include>eCollectibles</include>
        <include>eLevelObjects</include>
        <include>eProjectiles</include>
        <include>eEnemies</include>
        <include>ePlayer</include>
        <event-group description="" sid="5067093770833175" title="Initialize">
            <sub-events>
                <event-block sid="411108035546612">
                    <conditions>
                        <condition id="-2" name="On start of layout" sid="4401982674861648" type="System" />
                    </conditions>
                    <actions />
                    <sub-events>
                        <comment>Enable Player Engine disable pause lock</comment>
                        <event-block sid="8546038291439148">
                            <conditions />
                            <actions>
                                <action id="-12" name="Set group active" sid="4031535000315691" type="System">
                                    <param id="0" name="Group name">&quot;Player Engine&quot;</param>
                                    <param id="1" name="State">1</param>
                                </action>
                                <action id="-9" name="Set value" sid="977344522351822" type="System">
                                    <param id="0" name="Variable">PAUSE_LOCK</param>
                                    <param id="1" name="Value">0</param>
                                </action>
                            </actions>
                        </event-block>
                        <comment>If new game was selected, create the player at the Player_Spawn object.</comment>
                        <event-block sid="7428194077535907">
                            <conditions>
                                <condition id="-14" name="Compare variable" sid="5690588570391079" type="System">
                                    <param id="0" name="Variable">LOADGAME</param>
                                    <param id="1" name="Comparison">0</param>
                                    <param id="2" name="Value">0</param>
                                </condition>
                            </conditions>
                            <actions>
                                <action id="-3" name="Create object" sid="1955592531460455" type="System">
                                    <param id="0" name="Object to create">Player_Base</param>
                                    <param id="1" name="Layer">&quot;Player&quot;</param>
                                    <param id="2" name="X">Player_Spawn.X</param>
                                    <param id="3" name="Y">Player_Spawn.Y</param>
                                </action>
                                <action id="-3" name="Create object" sid="1438552436943651" type="System">
                                    <param id="0" name="Object to create">Player_Mask</param>
                                    <param id="1" name="Layer">&quot;Player&quot;</param>
                                    <param id="2" name="X">Player_Spawn.X</param>
                                    <param id="3" name="Y">Player_Spawn.Y</param>
                                </action>
                            </actions>
                        </event-block>
                        <comment>If load game was selected, create the player at the Save Platform and load the map data.</comment>
                        <event-block sid="4237313477755138">
                            <conditions>
                                <condition id="-14" name="Compare variable" sid="1629351828682625" type="System">
                                    <param id="0" name="Variable">LOADGAME</param>
                                    <param id="1" name="Comparison">0</param>
                                    <param id="2" name="Value">1</param>
                                </condition>
                                <condition id="-11" name="For Each" sid="2108364200687909" type="System">
                                    <param id="0" name="Object">RoomZone</param>
                                </condition>
                                <condition id="-8" name="Compare two values" sid="427175149877929" type="System">
                                    <param id="0" name="First value">RoomZone.IID</param>
                                    <param id="1" name="Comparison">0</param>
                                    <param id="2" name="Second value">Data_Player.Get(&quot;SaveRoom&quot;)</param>
                                </condition>
                                <condition id="1" name="Is overlapping another object" sid="2849884584262456" type="SavePlatform">
                                    <param id="0" name="Object">RoomZone</param>
                                </condition>
                            </conditions>
                            <actions>
                                <action id="-3" name="Create object" sid="1448722382760599" type="System">
                                    <param id="0" name="Object to create">Player_Base</param>
                                    <param id="1" name="Layer">&quot;Player&quot;</param>
                                    <param id="2" name="X">SavePlatform.X</param>
                                    <param id="3" name="Y">SavePlatform.Y</param>
                                </action>
                                <action id="-3" name="Create object" sid="1863754816077859" type="System">
                                    <param id="0" name="Object to create">Player_Mask</param>
                                    <param id="1" name="Layer">&quot;Player&quot;</param>
                                    <param id="2" name="X">SavePlatform.X</param>
                                    <param id="3" name="Y">SavePlatform.Y</param>
                                </action>
                            </actions>
                            <sub-events>
                                <event-block sid="3911671974906163">
                                    <conditions />
                                    <actions>
                                        <action id="0" name="Call function" sid="8337824602476549" type="Function">
                                            <param id="0" name="Name">&quot;MiniMap_Load&quot;</param>
                                            <param id="1" name="Parameter {n}"></param>
                                        </action>
                                    </actions>
                                </event-block>
                            </sub-events>
                        </event-block>
                        <comment>Set the Room Controller&apos;s timescale to 1 so we can use its dt during room transitions</comment>
                        <comment>Destroy objects outside of the starting room and fade in.</comment>
                        <event-block sid="4034205466962638">
                            <conditions />
                            <actions>
                                <action id="-14" name="Set object time scale" sid="1121292606847229" type="System">
                                    <param id="0" name="Object">Controller_Rooms</param>
                                    <param id="1" name="Time scale">1</param>
                                </action>
                                <action id="0" name="Call function" sid="291591927912121" type="Function">
                                    <param id="0" name="Name">&quot;Room_Unload&quot;</param>
                                    <param id="1" name="Parameter {n}">Controller_Rooms.rm_currentUID</param>
                                </action>
                                <action id="0" name="Call function" sid="2686955852734752" type="Function">
                                    <param id="0" name="Name">&quot;Transition&quot;</param>
                                    <param id="1" name="Parameter {n}">&quot;in&quot;</param>
                                </action>
                            </actions>
                        </event-block>
                    </sub-events>
                </event-block>
            </sub-events>
        </event-group>
    </events>
</c2eventsheet>
