﻿<?xml version="1.0" encoding="utf-8" ?>
<c2eventsheet>
    <!--All the 'name' attributes are ignored by Construct 2 - they are there for readability only.-->
    <name>eSaveData</name>
    <events>
        <comment>Enable this to start with all items.</comment>
        <event-block disabled="1" sid="2978604259080022">
            <conditions>
                <condition id="-2" name="On start of layout" sid="9635929799434022" type="System" />
                <condition id="-8" name="Compare two values" sid="3395913607264804" type="System">
                    <param id="0" name="First value">LayoutName</param>
                    <param id="1" name="Comparison">0</param>
                    <param id="2" name="Second value">&quot;GameRoom&quot;</param>
                </condition>
            </conditions>
            <actions>
                <action id="-16" name="Wait" sid="7837166472007031" type="System">
                    <param id="0" name="Seconds">1</param>
                </action>
                <action id="0" name="Call function" sid="3475282637406243" type="Function">
                    <param id="0" name="Name">&quot;SaveData_Max&quot;</param>
                    <param id="1" name="Parameter {n}"></param>
                </action>
                <action id="-9" name="Set value" sid="3469502217160845" type="System">
                    <param id="0" name="Variable">SaveData_Max</param>
                    <param id="1" name="Value">1</param>
                </action>
            </actions>
        </event-block>
        <event-block sid="1809912561778825">
            <conditions>
                <condition id="-18" name="On created" sid="8973089180591503" type="Items" />
                <condition id="-14" name="Compare variable" sid="1392818680627867" type="System">
                    <param id="0" name="Variable">SaveData_Max</param>
                    <param id="1" name="Comparison">0</param>
                    <param id="2" name="Value">1</param>
                </condition>
            </conditions>
            <actions>
                <action id="-9" name="Destroy" sid="5626163218832454" type="Items" />
            </actions>
        </event-block>
        <event-group description="" sid="191762752066231" title="Save Data">
            <sub-events>
                <comment>This sets the default save data when you start a new game.</comment>
                <event-block sid="6798611086658077">
                    <conditions>
                        <condition id="0" name="On function" sid="8795769106490918" type="Function">
                            <param id="0" name="Name">&quot;SaveData_Default&quot;</param>
                        </condition>
                    </conditions>
                    <actions>
                        <action id="0" name="Add key" sid="4819160836514441" type="Data_Items">
                            <param id="0" name="Key">&quot;Etanks&quot;</param>
                            <param id="1" name="Value">0</param>
                        </action>
                        <action id="0" name="Add key" sid="1623812995264491" type="Data_Items">
                            <param id="0" name="Key">&quot;MissileTanks&quot;</param>
                            <param id="1" name="Value">0</param>
                        </action>
                        <action id="0" name="Add key" sid="2553526766700734" type="Data_Items">
                            <param id="0" name="Key">&quot;HiJumpBoots&quot;</param>
                            <param id="1" name="Value">0</param>
                        </action>
                        <action id="0" name="Add key" sid="9072700482727639" type="Data_Items">
                            <param id="0" name="Key">&quot;HeatSuit&quot;</param>
                            <param id="1" name="Value">0</param>
                        </action>
                        <action id="0" name="Add key" sid="5347165682256038" type="Data_Items">
                            <param id="0" name="Key">&quot;Map&quot;</param>
                            <param id="1" name="Value">0</param>
                        </action>
                        <action id="0" name="Add key" sid="4955221067688998" type="Data_Player">
                            <param id="0" name="Key">&quot;Missiles&quot;</param>
                            <param id="1" name="Value">Data_Items.Get(&quot;MissileTanks&quot;) * 5</param>
                        </action>
                        <action id="0" name="Add key" sid="4169142648811268" type="Data_Player">
                            <param id="0" name="Key">&quot;Energy&quot;</param>
                            <param id="1" name="Value">99 + Data_Items.Get(&quot;Etanks&quot;) * 100</param>
                        </action>
                    </actions>
                </event-block>
                <event-block sid="2487609063276678">
                    <conditions>
                        <condition id="0" name="On function" sid="7966392600061284" type="Function">
                            <param id="0" name="Name">&quot;SaveData_Max&quot;</param>
                        </condition>
                    </conditions>
                    <actions>
                        <action id="0" name="Add key" sid="9398068984156917" type="Data_Items">
                            <param id="0" name="Key">&quot;Etanks&quot;</param>
                            <param id="1" name="Value">3</param>
                        </action>
                        <action id="0" name="Add key" sid="6245288081573513" type="Data_Items">
                            <param id="0" name="Key">&quot;MissileTanks&quot;</param>
                            <param id="1" name="Value">3</param>
                        </action>
                        <action id="0" name="Add key" sid="6968994640701163" type="Data_Items">
                            <param id="0" name="Key">&quot;HiJumpBoots&quot;</param>
                            <param id="1" name="Value">1</param>
                        </action>
                        <action id="0" name="Add key" sid="966446162818752" type="Data_Items">
                            <param id="0" name="Key">&quot;HeatSuit&quot;</param>
                            <param id="1" name="Value">1</param>
                        </action>
                        <action id="0" name="Add key" sid="1970371024457521" type="Data_Items">
                            <param id="0" name="Key">&quot;Map&quot;</param>
                            <param id="1" name="Value">1</param>
                        </action>
                        <action id="0" name="Add key" sid="9777333386437997" type="Data_Player">
                            <param id="0" name="Key">&quot;Missiles&quot;</param>
                            <param id="1" name="Value">Data_Items.Get(&quot;MissileTanks&quot;) * 5</param>
                        </action>
                        <action id="0" name="Add key" sid="4579575603530244" type="Data_Player">
                            <param id="0" name="Key">&quot;Energy&quot;</param>
                            <param id="1" name="Value">99 + Data_Items.Get(&quot;Etanks&quot;) * 100</param>
                        </action>
                    </actions>
                    <sub-events>
                        <event-block sid="1630387854510174">
                            <conditions />
                            <actions>
                                <action id="-13" name="Set boolean" sid="3030247468433933" type="MiniMap_Room">
                                    <param id="0" name="Instance variable">revealed</param>
                                    <param id="1" name="Value">1</param>
                                </action>
                                <action id="-13" name="Set boolean" sid="7196846224533637" type="MiniMap_Room">
                                    <param id="0" name="Instance variable">visited</param>
                                    <param id="1" name="Value">1</param>
                                </action>
                                <action id="-27" name="Set effect enabled" sid="7464267081388466" type="MiniMap_Room">
                                    <param id="0" name="Mode">1</param>
                                    <param id="1" name="Effect">&quot;ReplaceColor&quot;</param>
                                </action>
                                <action id="-15" name="Set visible" sid="4364572037335483" type="MiniMap_Room">
                                    <param id="0" name="Visibility">1</param>
                                </action>
                            </actions>
                        </event-block>
                        <event-block sid="9130232877402275">
                            <conditions />
                            <actions>
                                <action id="-9" name="Destroy" sid="1763239919827202" type="Items" />
                            </actions>
                        </event-block>
                    </sub-events>
                </event-block>
                <comment>This saves the game. All dictionaries are saved as JSON strings in Data_Master, which is then saved into Local Storage.</comment>
                <event-block sid="433329845844066">
                    <conditions>
                        <condition id="0" name="On function" sid="7643731675740858" type="Function">
                            <param id="0" name="Name">&quot;SaveData_Save&quot;</param>
                        </condition>
                    </conditions>
                    <actions>
                        <action id="0" name="Add key" sid="1449396311384832" type="Data_Master">
                            <param id="0" name="Key">&quot;Data_Player&quot;</param>
                            <param id="1" name="Value">Data_Player.AsJSON</param>
                        </action>
                        <action id="0" name="Add key" sid="4186570337638916" type="Data_Master">
                            <param id="0" name="Key">&quot;Data_Items&quot;</param>
                            <param id="1" name="Value">Data_Items.AsJSON</param>
                        </action>
                        <action id="0" name="Add key" sid="5137841861489155" type="Data_Master">
                            <param id="0" name="Key">&quot;Data_Map&quot;</param>
                            <param id="1" name="Value">Data_Map.AsJSON</param>
                        </action>
                        <action id="0" name="Add key" sid="4619087693350222" type="Data_Master">
                            <param id="0" name="Key">&quot;Data_Persist&quot;</param>
                            <param id="1" name="Value">Data_Persist.AsJSON</param>
                        </action>
                        <action id="0" name="Set item" sid="2536728570150946" type="LocalStorage">
                            <param id="0" name="Key">&quot;SaveData&quot;</param>
                            <param id="1" name="Value">Data_Master.AsJSON</param>
                        </action>
                    </actions>
                </event-block>
                <comment>This loads the save data. Data_Master is loaded from Local Storage, and its data is fed into the rest of the dictionaries.</comment>
                <event-block sid="7927471726938377">
                    <conditions>
                        <condition id="0" name="On function" sid="5788692136037834" type="Function">
                            <param id="0" name="Name">&quot;SaveData_Load&quot;</param>
                        </condition>
                    </conditions>
                    <actions>
                        <action id="1" name="Get item" sid="8072720121234907" type="LocalStorage">
                            <param id="0" name="Key">&quot;SaveData&quot;</param>
                        </action>
                    </actions>
                </event-block>
                <event-block sid="4202367509208772">
                    <conditions>
                        <condition id="1" name="On item get" sid="6216290135064382" type="LocalStorage">
                            <param id="0" name="Key">&quot;SaveData&quot;</param>
                        </condition>
                    </conditions>
                    <actions>
                        <action id="4" name="Load" sid="246474299100846" type="Data_Master">
                            <param id="0" name="JSON">LocalStorage.ItemValue</param>
                        </action>
                        <action id="4" name="Load" sid="8973946495882816" type="Data_Player">
                            <param id="0" name="JSON">Data_Master.Get(&quot;Data_Player&quot;)</param>
                        </action>
                        <action id="4" name="Load" sid="2641162447412884" type="Data_Items">
                            <param id="0" name="JSON">Data_Master.Get(&quot;Data_Items&quot;)</param>
                        </action>
                        <action id="4" name="Load" sid="6529117889508497" type="Data_Map">
                            <param id="0" name="JSON">Data_Master.Get(&quot;Data_Map&quot;)</param>
                        </action>
                        <action id="4" name="Load" sid="4461641503608123" type="Data_Persist">
                            <param id="0" name="JSON">Data_Master.Get(&quot;Data_Persist&quot;)</param>
                        </action>
                    </actions>
                </event-block>
                <comment>This erases all current data (not saved data)</comment>
                <event-block sid="8219647333273739">
                    <conditions>
                        <condition id="0" name="On function" sid="5658377627431902" type="Function">
                            <param id="0" name="Name">&quot;SaveData_Clear&quot;</param>
                        </condition>
                    </conditions>
                    <actions>
                        <action id="3" name="Clear" sid="8216248254399761" type="Data_Items" />
                        <action id="3" name="Clear" sid="4735101393031349" type="Data_Map" />
                        <action id="3" name="Clear" sid="271421807588195" type="Data_Master" />
                        <action id="3" name="Clear" sid="1706208007948071" type="Data_Persist" />
                        <action id="3" name="Clear" sid="1003837903650826" type="Data_Player" />
                    </actions>
                </event-block>
                <comment>This deletes all save data</comment>
                <event-block disabled="1" sid="9051102920033823">
                    <conditions>
                        <condition id="0" name="On key pressed" sid="5713561423112515" type="Keyboard">
                            <param id="0" name="Key">27 (Esc)</param>
                        </condition>
                    </conditions>
                    <actions>
                        <action id="2" name="Remove item" sid="937194488438403" type="LocalStorage">
                            <param id="0" name="Key">&quot;SaveData&quot;</param>
                        </action>
                    </actions>
                </event-block>
                <comment>This loads the minimap data. (Called in the beginning of eMain)</comment>
                <event-block sid="3715433012292439">
                    <conditions>
                        <condition id="0" name="On function" sid="8593574709467513" type="Function">
                            <param id="0" name="Name">&quot;MiniMap_Load&quot;</param>
                        </condition>
                    </conditions>
                    <actions />
                    <sub-events>
                        <comment>This loops through Data_Map and finds which MiniMap_Room has the same IID as the current key</comment>
                        <event-block sid="6884380781661063">
                            <conditions>
                                <condition id="1" name="For each key" sid="682402745095817" type="Data_Map" />
                                <condition id="-11" name="For Each" sid="5879582821466187" type="System">
                                    <param id="0" name="Object">MiniMap_Room</param>
                                </condition>
                                <condition id="-8" name="Compare two values" sid="3777422203414977" type="System">
                                    <param id="0" name="First value">MiniMap_Room.IID</param>
                                    <param id="1" name="Comparison">0</param>
                                    <param id="2" name="Second value">int(Data_Map.CurrentKey)</param>
                                </condition>
                            </conditions>
                            <actions />
                            <sub-events>
                                <comment>Then checks if that MiniMap_Room has been revealed</comment>
                                <event-block sid="1788916655213201">
                                    <conditions>
                                        <condition id="-8" name="Compare two values" sid="4873300791414007" type="System">
                                            <param id="0" name="First value">int(tokenat(Data_Map.CurrentValue, 0, &quot;,&quot;))</param>
                                            <param id="1" name="Comparison">0</param>
                                            <param id="2" name="Second value">1</param>
                                        </condition>
                                    </conditions>
                                    <actions>
                                        <action id="-13" name="Set boolean" sid="178900915282835" type="MiniMap_Room">
                                            <param id="0" name="Instance variable">revealed</param>
                                            <param id="1" name="Value">1</param>
                                        </action>
                                        <action id="-15" name="Set visible" sid="4405666783321912" type="MiniMap_Room">
                                            <param id="0" name="Visibility">1</param>
                                        </action>
                                    </actions>
                                </event-block>
                                <comment>Or visited</comment>
                                <event-block sid="6141966782095978">
                                    <conditions>
                                        <condition id="-8" name="Compare two values" sid="6695943164965986" type="System">
                                            <param id="0" name="First value">int(tokenat(Data_Map.CurrentValue, 1, &quot;,&quot;))</param>
                                            <param id="1" name="Comparison">0</param>
                                            <param id="2" name="Second value">1</param>
                                        </condition>
                                    </conditions>
                                    <actions>
                                        <action id="-13" name="Set boolean" sid="8798372407145918" type="MiniMap_Room">
                                            <param id="0" name="Instance variable">visited</param>
                                            <param id="1" name="Value">1</param>
                                        </action>
                                        <action id="-27" name="Set effect enabled" sid="495344308818665" type="MiniMap_Room">
                                            <param id="0" name="Mode">1</param>
                                            <param id="1" name="Effect">&quot;ReplaceColor&quot;</param>
                                        </action>
                                    </actions>
                                </event-block>
                            </sub-events>
                        </event-block>
                    </sub-events>
                </event-block>
            </sub-events>
        </event-group>
    </events>
</c2eventsheet>
