﻿<?xml version="1.0" encoding="utf-8" ?>
<c2eventsheet>
    <!--All the 'name' attributes are ignored by Construct 2 - they are there for readability only.-->
    <name>eCutscenes</name>
    <events>
        <comment>This is the ending &apos;cutscene&apos; where the ship flies off and then the item percentage is shown. I just slapped it together...not an integral part of the game kit so eh.</comment>
        <event-group description="" sid="1808106699268661" title="Ending Cutscene">
            <sub-events>
                <comment>Initiate</comment>
                <event-block sid="3786183780808666">
                    <conditions>
                        <condition id="1" name="Is overlapping another object" sid="6127965473081659" type="Player_Base">
                            <param id="0" name="Object">Trigger_Ship</param>
                        </condition>
                        <condition id="-7" name="Compare instance variable" sid="299799491074437" type="Controller_Rooms">
                            <param id="0" name="Instance variable">rmTran_state</param>
                            <param id="1" name="Comparison">0</param>
                            <param id="2" name="Value">&quot;&quot;</param>
                        </condition>
                    </conditions>
                    <actions>
                        <action id="-12" name="Set group active" sid="1247519036689285" type="System">
                            <param id="0" name="Group name">&quot;Player Input&quot;</param>
                            <param id="1" name="State">0</param>
                        </action>
                        <action id="-9" name="Set value" sid="8497639627765772" type="System">
                            <param id="0" name="Variable">PAUSE_LOCK</param>
                            <param id="1" name="Value">1</param>
                        </action>
                        <action id="-9" name="Set value" sid="5867391824983888" type="System">
                            <param id="0" name="Variable">Cutscene</param>
                            <param id="1" name="Value">&quot;Ship&quot;</param>
                        </action>
                        <action id="-4" name="Set layer visible" sid="4686584975812294" type="System">
                            <param id="0" name="Layer">&quot;HUD&quot;</param>
                            <param id="1" name="Visibility">0</param>
                        </action>
                        <action id="-10" name="Set value" sid="4106905772495689" type="Controller_Rooms">
                            <param id="0" name="Instance variable">cam_type</param>
                            <param id="1" name="Value">&quot;ship&quot;</param>
                        </action>
                    </actions>
                </event-block>
                <comment>Sequence</comment>
                <event-block sid="3265459999279756">
                    <conditions>
                        <condition id="-14" name="Compare variable" sid="9967698677286851" type="System">
                            <param id="0" name="Variable">Cutscene</param>
                            <param id="1" name="Comparison">0</param>
                            <param id="2" name="Value">&quot;Ship&quot;</param>
                        </condition>
                    </conditions>
                    <actions>
                        <action behavior="Platform" id="7" name="Simulate control" sid="8441475105777999" type="Player_Base">
                            <param id="0" name="Control">1</param>
                        </action>
                    </actions>
                    <sub-events>
                        <event-block sid="5103304624255509">
                            <conditions>
                                <condition id="-4" name="Trigger once while true" sid="8211054237061956" type="System" />
                            </conditions>
                            <actions>
                                <action id="-13" name="Set boolean" sid="7175527482174533" type="Player_Mask">
                                    <param id="0" name="Instance variable">bouncing</param>
                                    <param id="1" name="Value">1</param>
                                </action>
                                <action id="0" name="Call function" sid="3830865661113894" type="Function">
                                    <param id="0" name="Name">&quot;Player_Jump&quot;</param>
                                    <param id="1" name="Parameter {n}"></param>
                                </action>
                            </actions>
                        </event-block>
                        <event-block sid="144086687510828">
                            <conditions>
                                <condition id="0" name="On collision with another object" sid="8216324303056358" type="Player_Base">
                                    <param id="0" name="Object">Ship</param>
                                </condition>
                            </conditions>
                            <actions>
                                <action id="-9" name="Destroy" sid="9993355643062745" type="Player_Base" />
                                <action id="-9" name="Destroy" sid="1130218761805404" type="Player_Mask" />
                                <action id="-16" name="Wait" sid="7993519751298721" type="System">
                                    <param id="0" name="Seconds">1</param>
                                </action>
                                <action id="0" name="Play" sid="4591282645505961" type="Audio">
                                    <param id="0" name="Audio file">Ship_On</param>
                                    <param id="2" name="Loop">0</param>
                                    <param id="3" name="Volume">0</param>
                                    <param id="1" name="Tag (optional)">&quot;&quot;</param>
                                </action>
                                <action id="-13" name="Set boolean" sid="9851712839032692" type="Ship">
                                    <param id="0" name="Instance variable">active</param>
                                    <param id="1" name="Value">1</param>
                                </action>
                                <action id="-16" name="Wait" sid="9328097069231141" type="System">
                                    <param id="0" name="Seconds">1</param>
                                </action>
                                <action id="-10" name="Set value" sid="6476111199150382" type="Ship">
                                    <param id="0" name="Instance variable">state</param>
                                    <param id="1" name="Value">1</param>
                                </action>
                                <action id="-16" name="Wait" sid="1325159379001267" type="System">
                                    <param id="0" name="Seconds">4.5</param>
                                </action>
                                <action id="0" name="Play" sid="7287005741756716" type="Audio">
                                    <param id="0" name="Audio file">Ship</param>
                                    <param id="2" name="Loop">0</param>
                                    <param id="3" name="Volume">0</param>
                                    <param id="1" name="Tag (optional)">&quot;&quot;</param>
                                </action>
                                <action id="-10" name="Set value" sid="7026741612472083" type="Ship">
                                    <param id="0" name="Instance variable">state</param>
                                    <param id="1" name="Value">2</param>
                                </action>
                                <action behavior="Sine" id="0" name="Set active" sid="8936678587063983" type="Ship">
                                    <param id="0" name="State">0</param>
                                </action>
                                <action behavior="Bullet" id="5" name="Set enabled" sid="736464032005881" type="Ship">
                                    <param id="0" name="State">1</param>
                                </action>
                                <action behavior="Bullet" id="3" name="Set angle of motion" sid="6922159768155497" type="Ship">
                                    <param id="0" name="Angle">270</param>
                                </action>
                                <action id="-16" name="Wait" sid="6993945866452472" type="System">
                                    <param id="0" name="Seconds">3</param>
                                </action>
                                <action id="-3" name="Create object" sid="6534088379185968" type="System">
                                    <param id="0" name="Object to create">SpriteFont</param>
                                    <param id="1" name="Layer">&quot;Objects&quot;</param>
                                    <param id="2" name="X">ViewportLeft(&quot;Objects&quot;) + RES_WIDTH / 2</param>
                                    <param id="3" name="Y">ViewportTop(&quot;Objects&quot;) + (RES_HEIGHT / 2)</param>
                                </action>
                                <action id="-5" name="Set width" sid="9435578890169374" type="SpriteFont">
                                    <param id="0" name="Width">RES_WIDTH</param>
                                </action>
                                <action id="-6" name="Set height" sid="3690539047165535" type="SpriteFont">
                                    <param id="0" name="Height">RES_HEIGHT</param>
                                </action>
                                <action id="0" name="Set text" sid="1879668734655324" type="SpriteFont">
                                    <param id="0" name="Text">&quot;YOUR RATE&quot; &amp;newline&amp; &quot;FOR COLLECTING ITEMS IS&quot; &amp;newline&amp; function.Call(&quot;ItemRate&quot;)</param>
                                </action>
                            </actions>
                        </event-block>
                    </sub-events>
                </event-block>
                <comment>Item collection percentage</comment>
                <variable constant="0" name="CollectedItems" sid="7390034300663667" static="1" type="number">0</variable>
                <event-block sid="2570813117312224">
                    <conditions>
                        <condition id="0" name="On function" sid="2527613874035978" type="Function">
                            <param id="0" name="Name">&quot;ItemRate&quot;</param>
                        </condition>
                    </conditions>
                    <actions />
                    <sub-events>
                        <event-block sid="69772493479122">
                            <conditions>
                                <condition id="1" name="For each key" sid="2464493802853505" type="Data_Items" />
                            </conditions>
                            <actions>
                                <action id="-10" name="Add to" sid="8693049631752446" type="System">
                                    <param id="0" name="Variable">CollectedItems</param>
                                    <param id="1" name="Value">Data_Items.CurrentValue</param>
                                </action>
                            </actions>
                        </event-block>
                        <event-block sid="6998994015449725">
                            <conditions />
                            <actions>
                                <action id="1" name="Set return value" sid="2329990950016182" type="Function">
                                    <param id="0" name="Value">int((CollectedItems / 9) * 100) &amp; &quot;%&quot;</param>
                                </action>
                            </actions>
                        </event-block>
                    </sub-events>
                </event-block>
                <comment>Focus camera on ship</comment>
                <event-block sid="68335588470333">
                    <conditions>
                        <condition id="-7" name="Compare instance variable" sid="6722993039653594" type="Controller_Rooms">
                            <param id="0" name="Instance variable">cam_type</param>
                            <param id="1" name="Comparison">0</param>
                            <param id="2" name="Value">&quot;ship&quot;</param>
                        </condition>
                        <condition id="-14" name="Pick by unique ID" sid="2648995039966539" type="RoomZone">
                            <param id="0" name="Unique ID">Controller_Rooms.rm_currentUID</param>
                        </condition>
                    </conditions>
                    <actions>
                        <action id="-7" name="Scroll to position" sid="4233673336812287" type="System">
                            <param id="0" name="X">clamp(Ship.X, RoomZone.X + RES_WIDTH / 2, RoomZone.X + RoomZone.Width - RES_WIDTH / 2)</param>
                            <param id="1" name="Y">clamp(Ship.Y, RoomZone.Y + RES_HEIGHT / 2, RoomZone.Y + RoomZone.Height - RES_HEIGHT / 2)</param>
                        </action>
                    </actions>
                </event-block>
                <comment>Ship rise &amp; particle fx</comment>
                <event-block sid="9519932479374858">
                    <conditions>
                        <condition id="-7" name="Compare instance variable" sid="5293815417869266" type="Ship">
                            <param id="0" name="Instance variable">state</param>
                            <param id="1" name="Comparison">0</param>
                            <param id="2" name="Value">1</param>
                        </condition>
                    </conditions>
                    <actions />
                    <sub-events>
                        <event-block sid="996445978045014">
                            <conditions>
                                <condition id="-2" name="Compare Y" sid="3283582512734984" type="Ship">
                                    <param id="0" name="Comparison">4</param>
                                    <param id="1" name="Y co-ordinate">ViewportBottom(&quot;Objects&quot;) - 48</param>
                                </condition>
                            </conditions>
                            <actions>
                                <action id="-2" name="Set Y" sid="411750606857684" type="Ship">
                                    <param id="0" name="Y">self.Y - 30 * dt</param>
                                </action>
                            </actions>
                        </event-block>
                        <event-block sid="2561818762550713">
                            <conditions>
                                <condition id="-2" name="Compare Y" sid="4825699478256117" type="Ship">
                                    <param id="0" name="Comparison">3</param>
                                    <param id="1" name="Y co-ordinate">ViewportBottom(&quot;Objects&quot;) - 32</param>
                                </condition>
                                <condition id="-4" name="Trigger once while true" sid="586449699792863" type="System" />
                            </conditions>
                            <actions>
                                <action behavior="Sine" id="0" name="Set active" sid="6976526520182966" type="Ship">
                                    <param id="0" name="State">1</param>
                                </action>
                            </actions>
                        </event-block>
                    </sub-events>
                </event-block>
                <event-block sid="4319547462935621">
                    <conditions>
                        <condition id="-6" name="Every X seconds" sid="8944862809109788" type="System">
                            <param id="0" name="Interval (seconds)">0.1</param>
                        </condition>
                        <condition id="-8" name="Is boolean instance variable set" sid="1529708804289503" type="Ship">
                            <param id="0" name="Instance variable">active</param>
                        </condition>
                        <condition id="-12" name="Repeat" sid="2019538990331391" type="System">
                            <param id="0" name="Count">4</param>
                        </condition>
                    </conditions>
                    <actions>
                        <action id="-3" name="Create object" sid="2087096358765331" type="System">
                            <param id="0" name="Object to create">Particles</param>
                            <param id="1" name="Layer">&quot;Player&quot;</param>
                            <param id="2" name="X">Ship.ImagePointX(loopindex+1)</param>
                            <param id="3" name="Y">Ship.ImagePointY(loopindex+1)</param>
                        </action>
                    </actions>
                </event-block>
            </sub-events>
        </event-group>
    </events>
</c2eventsheet>
