﻿<?xml version="1.0" encoding="utf-8" ?>
<c2eventsheet>
    <!--All the 'name' attributes are ignored by Construct 2 - they are there for readability only.-->
    <name>eLevelObjects</name>
    <events>
        <event-group description="" sid="9210224799048352" title="Save Platform">
            <sub-events>
                <comment>Activate the save platform, restore health &amp; missiles</comment>
                <event-block sid="2284493086825785">
                    <conditions>
                        <condition behavior="Platform" id="9" name="On landed" sid="1692418462525004" type="Player_Base" />
                        <condition id="9" name="Is overlapping at offset" sid="703271562204242" type="Player_Base">
                            <param id="0" name="Object">SavePlatform</param>
                            <param id="1" name="Offset X">0</param>
                            <param id="2" name="Offset Y">1</param>
                        </condition>
                        <condition id="-8" inverted="1" name="Is boolean instance variable set" sid="2698558848230216" type="SavePlatform">
                            <param id="0" name="Instance variable">activated</param>
                        </condition>
                        <condition id="-7" name="Compare instance variable" sid="8291190408368118" type="Controller_Rooms">
                            <param id="0" name="Instance variable">rm_currentUID</param>
                            <param id="1" name="Comparison">1</param>
                            <param id="2" name="Value">Data_Map.Get(&quot;SavePlatform&quot;)</param>
                        </condition>
                    </conditions>
                    <actions>
                        <action id="-13" name="Set boolean" sid="7726451472613537" type="SavePlatform">
                            <param id="0" name="Instance variable">activated</param>
                            <param id="1" name="Value">1</param>
                        </action>
                        <action id="6" name="Set speed" sid="9098474497343473" type="SavePlatform">
                            <param id="0" name="Speed">10</param>
                        </action>
                        <action id="0" name="Add key" sid="8395445751385831" type="Data_Player">
                            <param id="0" name="Key">&quot;Missiles&quot;</param>
                            <param id="1" name="Value">Data_Items.Get(&quot;MissileTanks&quot;) * 5</param>
                        </action>
                        <action id="0" name="Add key" sid="743531539144358" type="Data_Player">
                            <param id="0" name="Key">&quot;Energy&quot;</param>
                            <param id="1" name="Value">99 + Data_Items.Get(&quot;Etanks&quot;) * 100</param>
                        </action>
                        <action id="0" name="Call function" sid="5865266854365279" type="Function">
                            <param id="0" name="Name">&quot;Message_Create&quot;</param>
                            <param id="1" name="Parameter {n}">&quot;GAME SAVED&quot;{###}&quot;&quot;{###}1</param>
                        </action>
                        <action id="0" name="Add key" sid="1392799005142688" type="Data_Map">
                            <param id="0" name="Key">&quot;SavePlatform&quot;</param>
                            <param id="1" name="Value">Controller_Rooms.rm_CurrentUID</param>
                        </action>
                        <action id="0" name="Play" sid="5891014475005021" type="Audio">
                            <param id="0" name="Audio file">SavePlatform</param>
                            <param id="2" name="Loop">0</param>
                            <param id="3" name="Volume">0</param>
                            <param id="1" name="Tag (optional)">&quot;&quot;</param>
                        </action>
                    </actions>
                    <sub-events>
                        <comment>Save the IID of the current room so we can return to it later.</comment>
                        <event-block sid="5954414786131575">
                            <conditions>
                                <condition id="1" name="Is overlapping another object" sid="5060875674553029" type="Player_Base">
                                    <param id="0" name="Object">RoomZone</param>
                                </condition>
                            </conditions>
                            <actions>
                                <action id="0" name="Add key" sid="8624772483307812" type="Data_Player">
                                    <param id="0" name="Key">&quot;SaveRoom&quot;</param>
                                    <param id="1" name="Value">RoomZone.IID</param>
                                </action>
                            </actions>
                        </event-block>
                        <comment>Save the minimap data for later.</comment>
                        <event-block sid="8861755388288581">
                            <conditions>
                                <condition id="-11" name="For Each" sid="4440134066247341" type="System">
                                    <param id="0" name="Object">MiniMap_Room</param>
                                </condition>
                            </conditions>
                            <actions>
                                <action id="0" name="Add key" sid="4309916604188878" type="Data_Map">
                                    <param id="0" name="Key">str(Minimap_Room.IID)</param>
                                    <param id="1" name="Value">MiniMap_Room.revealed &amp;&quot;,&quot;&amp; MiniMap_Room.visited</param>
                                </action>
                            </actions>
                        </event-block>
                        <comment>Save the game</comment>
                        <event-block sid="1502406323984915">
                            <conditions />
                            <actions>
                                <action id="0" name="Call function" sid="1106838945699939" type="Function">
                                    <param id="0" name="Name">&quot;SaveData_Save&quot;</param>
                                    <param id="1" name="Parameter {n}"></param>
                                </action>
                            </actions>
                        </event-block>
                    </sub-events>
                </event-block>
            </sub-events>
        </event-group>
        <event-group description="" sid="3923696987952673" title="Blocks">
            <sub-events>
                <comment>Destroy</comment>
                <event-block sid="915655537358982">
                    <conditions>
                        <condition id="1" name="Is overlapping another object" sid="5587810557667271" type="Player_Bullet">
                            <param id="0" name="Object">Block</param>
                        </condition>
                        <condition id="-15" name="Pick nearest/furthest" sid="9616285154977179" type="Block">
                            <param id="0" name="Which">0</param>
                            <param id="1" name="X">Player_Bullet.X</param>
                            <param id="2" name="Y">Player_Bullet.Y</param>
                        </condition>
                    </conditions>
                    <actions>
                        <action id="-13" name="Set boolean" sid="7505780921622829" type="Player_Bullet">
                            <param id="0" name="Instance variable">destroy</param>
                            <param id="1" name="Value">1</param>
                        </action>
                    </actions>
                    <sub-events>
                        <event-block sid="1983493292761135">
                            <conditions>
                                <condition id="2" name="Is playing" sid="4456085989744281" type="Block">
                                    <param id="0" name="Animation">&quot;Default&quot;</param>
                                </condition>
                            </conditions>
                            <actions>
                                <action id="-9" name="Destroy" sid="4471206765698758" type="Block" />
                                <action id="0" name="Play" sid="614198437229936" type="Audio">
                                    <param id="0" name="Audio file">Block_Destroy</param>
                                    <param id="2" name="Loop">0</param>
                                    <param id="3" name="Volume">0</param>
                                    <param id="1" name="Tag (optional)">&quot;&quot;</param>
                                </action>
                            </actions>
                        </event-block>
                    </sub-events>
                </event-block>
                <event-block sid="4403254200127083">
                    <conditions>
                        <condition id="1" name="Is overlapping another object" sid="6729388465089046" type="Player_Missile">
                            <param id="0" name="Object">Block</param>
                        </condition>
                        <condition id="-15" name="Pick nearest/furthest" sid="6179690852986248" type="Block">
                            <param id="0" name="Which">0</param>
                            <param id="1" name="X">Player_Missile.X</param>
                            <param id="2" name="Y">Player_Missile.Y</param>
                        </condition>
                    </conditions>
                    <actions>
                        <action id="-13" name="Set boolean" sid="2057338586505721" type="Player_Missile">
                            <param id="0" name="Instance variable">destroy</param>
                            <param id="1" name="Value">1</param>
                        </action>
                    </actions>
                    <sub-events>
                        <event-block any="1" sid="8641649434562772">
                            <conditions>
                                <condition id="2" name="Is playing" sid="9518980095449736" type="Block">
                                    <param id="0" name="Animation">&quot;Default&quot;</param>
                                </condition>
                                <condition id="2" name="Is playing" sid="673595741231973" type="Block">
                                    <param id="0" name="Animation">&quot;Missile&quot;</param>
                                </condition>
                            </conditions>
                            <actions>
                                <action id="-9" name="Destroy" sid="2003831844176576" type="Block" />
                                <action id="0" name="Play" sid="1822328880578323" type="Audio">
                                    <param id="0" name="Audio file">Block_Destroy</param>
                                    <param id="2" name="Loop">0</param>
                                    <param id="3" name="Volume">0</param>
                                    <param id="1" name="Tag (optional)">&quot;&quot;</param>
                                </action>
                            </actions>
                        </event-block>
                    </sub-events>
                </event-block>
                <comment>FX</comment>
                <event-block sid="8031965099875766">
                    <conditions>
                        <condition id="-19" name="On destroyed" sid="2393093964512836" type="Block" />
                        <condition id="-3" name="Is on-screen" sid="4316041645763096" type="Block" />
                    </conditions>
                    <actions>
                        <action id="-3" name="Create object" sid="2961701127009878" type="System">
                            <param id="0" name="Object to create">Particles</param>
                            <param id="1" name="Layer">&quot;FX&quot;</param>
                            <param id="2" name="X">Block.X</param>
                            <param id="3" name="Y">Block.Y</param>
                        </action>
                        <action id="4" name="Set animation" sid="8121694622169134" type="Particles">
                            <param id="0" name="Animation">&quot;Explosion_2&quot;</param>
                            <param id="1" name="From">1</param>
                        </action>
                    </actions>
                    <sub-events>
                        <event-block sid="2440615086756611">
                            <conditions>
                                <condition id="-12" name="Repeat" sid="3814983547526577" type="System">
                                    <param id="0" name="Count">5</param>
                                </condition>
                            </conditions>
                            <actions>
                                <action id="-3" name="Create object" sid="6214104227650525" type="System">
                                    <param id="0" name="Object to create">Particles</param>
                                    <param id="1" name="Layer">&quot;FX&quot;</param>
                                    <param id="2" name="X">Block.X</param>
                                    <param id="3" name="Y">Block.Y</param>
                                </action>
                                <action id="4" name="Set animation" sid="7439887068324712" type="Particles">
                                    <param id="0" name="Animation">&quot;Block&quot;</param>
                                    <param id="1" name="From">1</param>
                                </action>
                                <action behavior="Bullet" id="0" name="Set speed" sid="4078475038682968" type="Particles">
                                    <param id="0" name="Speed">120</param>
                                </action>
                                <action behavior="Bullet" id="2" name="Set gravity" sid="9691681884507264" type="Particles">
                                    <param id="0" name="Gravity">500</param>
                                </action>
                                <action behavior="Bullet" id="3" name="Set angle of motion" sid="6419324378469418" type="Particles">
                                    <param id="0" name="Angle">230 + loopindex * 20</param>
                                </action>
                                <action behavior="Flash" id="0" name="Flash" sid="2054970179613224" type="Particles">
                                    <param id="0" name="&apos;On&apos; time">0.05</param>
                                    <param id="1" name="&apos;Off&apos; time">0.05</param>
                                    <param id="2" name="Duration">Infinity</param>
                                </action>
                            </actions>
                            <sub-events>
                                <event-block sid="3803527371972347">
                                    <conditions>
                                        <condition id="-8" name="Compare two values" sid="7146684217213971" type="System">
                                            <param id="0" name="First value">loopindex</param>
                                            <param id="1" name="Comparison">0</param>
                                            <param id="2" name="Second value">2</param>
                                        </condition>
                                    </conditions>
                                    <actions>
                                        <action id="-9" name="Destroy" sid="8746580161094127" type="Particles" />
                                    </actions>
                                </event-block>
                            </sub-events>
                        </event-block>
                    </sub-events>
                </event-block>
            </sub-events>
        </event-group>
        <event-group description="" sid="1106431968515869" title="Lava">
            <sub-events>
                <comment>This disables the lava&apos;s warp effect during room transitions due to a C2 bug that causes the effect to keep going even when the timescale = 0.</comment>
                <event-block sid="6755252492646181">
                    <conditions>
                        <condition id="-8" name="Compare two values" sid="5554286839445302" type="System">
                            <param id="0" name="First value">timescale</param>
                            <param id="1" name="Comparison">0</param>
                            <param id="2" name="Second value">0</param>
                        </condition>
                        <condition id="-4" name="Trigger once while true" sid="7627081458568327" type="System" />
                    </conditions>
                    <actions>
                        <action id="-27" name="Set effect enabled" sid="7176118011205988" type="Lava">
                            <param id="0" name="Mode">0</param>
                            <param id="1" name="Effect">&quot;Warp&quot;</param>
                        </action>
                    </actions>
                </event-block>
                <event-block sid="6765180293934688">
                    <conditions>
                        <condition id="-8" name="Compare two values" sid="2912344741794568" type="System">
                            <param id="0" name="First value">timescale</param>
                            <param id="1" name="Comparison">0</param>
                            <param id="2" name="Second value">1</param>
                        </condition>
                        <condition id="-4" name="Trigger once while true" sid="358684773194956" type="System" />
                    </conditions>
                    <actions>
                        <action id="-27" name="Set effect enabled" sid="5153508393332949" type="Lava">
                            <param id="0" name="Mode">1</param>
                            <param id="1" name="Effect">&quot;Warp&quot;</param>
                        </action>
                    </actions>
                </event-block>
                <comment>Spawns lava particles</comment>
                <event-block sid="400019686754486">
                    <conditions>
                        <condition id="-3" name="Is on-screen" sid="1867055466247876" type="Lava" />
                        <condition id="-6" name="Every X seconds" sid="2277117047394132" type="System">
                            <param id="0" name="Interval (seconds)">(random(0.5) + 0.5) - Lava.Width/750</param>
                        </condition>
                    </conditions>
                    <actions>
                        <action id="-3" name="Create object" sid="7822890596358929" type="System">
                            <param id="0" name="Object to create">Particles</param>
                            <param id="1" name="Layer">&quot;Objects&quot;</param>
                            <param id="2" name="X">Lava.X + random(Lava.Width)</param>
                            <param id="3" name="Y">Lava.Y + 4</param>
                        </action>
                        <action id="4" name="Set animation" sid="169665246397662" type="Particles">
                            <param id="0" name="Animation">&quot;Lava&quot;</param>
                            <param id="1" name="From">1</param>
                        </action>
                        <action behavior="Bullet" id="2" name="Set gravity" sid="6935384917868549" type="Particles">
                            <param id="0" name="Gravity">300</param>
                        </action>
                        <action behavior="Bullet" id="0" name="Set speed" sid="7824227882196212" type="Particles">
                            <param id="0" name="Speed">60 + random(60)</param>
                        </action>
                        <action behavior="Bullet" id="3" name="Set angle of motion" sid="5407305261084185" type="Particles">
                            <param id="0" name="Angle">270</param>
                        </action>
                        <action id="-25" name="Move to bottom" sid="9252251577162122" type="Particles" />
                    </actions>
                </event-block>
                <comment>Hurt player if overlapping lava without Heat Suit</comment>
                <event-block sid="3732764341414437">
                    <conditions>
                        <condition id="1" name="Is overlapping another object" sid="6873785130392985" type="Player_Base">
                            <param id="0" name="Object">Lava</param>
                        </condition>
                        <condition id="0" name="Compare value" sid="6986700938587853" type="Data_Player">
                            <param id="0" name="Key">&quot;Energy&quot;</param>
                            <param id="1" name="Comparison">4</param>
                            <param id="2" name="Value">0</param>
                        </condition>
                        <condition id="-6" name="Every X seconds" sid="3984005022313025" type="System">
                            <param id="0" name="Interval (seconds)">0.2</param>
                        </condition>
                    </conditions>
                    <actions />
                    <sub-events>
                        <event-block sid="6371874941078987">
                            <conditions>
                                <condition id="0" name="Compare value" sid="3310926822898977" type="Data_Items">
                                    <param id="0" name="Key">&quot;HeatSuit&quot;</param>
                                    <param id="1" name="Comparison">0</param>
                                    <param id="2" name="Value">0</param>
                                </condition>
                            </conditions>
                            <actions>
                                <action id="0" name="Call function" sid="5227612607339366" type="Function">
                                    <param id="0" name="Name">&quot;Adjust_Energy&quot;</param>
                                    <param id="1" name="Parameter {n}">-10</param>
                                </action>
                                <action id="0" name="Call function" sid="8567122200573242" type="Function">
                                    <param id="0" name="Name">&quot;Object_Flash&quot;</param>
                                    <param id="1" name="Parameter {n}">Player_Mask.UID</param>
                                </action>
                                <action id="0" name="Play" sid="2455900327268237" type="Audio">
                                    <param id="0" name="Audio file">Lava</param>
                                    <param id="2" name="Loop">0</param>
                                    <param id="3" name="Volume">0</param>
                                    <param id="1" name="Tag (optional)">&quot;&quot;</param>
                                </action>
                            </actions>
                        </event-block>
                    </sub-events>
                </event-block>
            </sub-events>
        </event-group>
    </events>
</c2eventsheet>
