﻿<?xml version="1.0" encoding="utf-8" ?>
<c2eventsheet>
    <!--All the 'name' attributes are ignored by Construct 2 - they are there for readability only.-->
    <name>eProjectiles</name>
    <events>
        <comment>Destroy when colliding with collisions or solids</comment>
        <event-block any="1" sid="8485132320469687">
            <conditions>
                <condition id="0" name="On collision with another object" sid="2725750074291135" type="Projectiles">
                    <param id="0" name="Object">TileMap_Collisions</param>
                </condition>
                <condition id="0" name="On collision with another object" sid="7433903350390554" type="Projectiles">
                    <param id="0" name="Object">Solids</param>
                </condition>
            </conditions>
            <actions>
                <action id="-13" name="Set boolean" sid="1839175944431165" type="Projectiles">
                    <param id="0" name="Instance variable">destroy</param>
                    <param id="1" name="Value">1</param>
                </action>
            </actions>
        </event-block>
        <comment>Destroy bullet</comment>
        <event-block sid="1064508574814379">
            <conditions>
                <condition id="-8" name="Is boolean instance variable set" sid="8453328386242319" type="Player_Bullet">
                    <param id="0" name="Instance variable">destroy</param>
                </condition>
                <condition id="-11" name="For Each" sid="8592128920275686" type="System">
                    <param id="0" name="Object">Player_Bullet</param>
                </condition>
            </conditions>
            <actions>
                <action id="-9" name="Destroy" sid="9139485384441962" type="Player_Bullet" />
            </actions>
            <sub-events>
                <event-block sid="4433666598437287">
                    <conditions>
                        <condition id="-12" name="Repeat" sid="1885381730922021" type="System">
                            <param id="0" name="Count">8</param>
                        </condition>
                    </conditions>
                    <actions>
                        <action id="-3" name="Create object" sid="7497290128862809" type="System">
                            <param id="0" name="Object to create">Particles</param>
                            <param id="1" name="Layer">&quot;FX&quot;</param>
                            <param id="2" name="X">Player_Bullet.X</param>
                            <param id="3" name="Y">Player_Bullet.Y</param>
                        </action>
                        <action id="4" name="Set animation" sid="9661544274658364" type="Particles">
                            <param id="0" name="Animation">&quot;Explosion_1&quot;</param>
                            <param id="1" name="From">1</param>
                        </action>
                        <action behavior="Bullet" id="0" name="Set speed" sid="8213593927417031" type="Particles">
                            <param id="0" name="Speed">60</param>
                        </action>
                        <action behavior="Bullet" id="3" name="Set angle of motion" sid="6503231493449075" type="Particles">
                            <param id="0" name="Angle">loopindex * (360/8)</param>
                        </action>
                    </actions>
                </event-block>
            </sub-events>
        </event-block>
        <comment>Destroy missile</comment>
        <event-block sid="8362064084969164">
            <conditions>
                <condition id="-8" name="Is boolean instance variable set" sid="9933171837314983" type="Player_Missile">
                    <param id="0" name="Instance variable">destroy</param>
                </condition>
                <condition id="-11" name="For Each" sid="6026723078383275" type="System">
                    <param id="0" name="Object">Player_Missile</param>
                </condition>
            </conditions>
            <actions>
                <action id="-9" name="Destroy" sid="7541004822923806" type="Player_Missile" />
                <action id="0" name="Play" sid="3718874217719281" type="Audio">
                    <param id="0" name="Audio file">Missile_Impact</param>
                    <param id="2" name="Loop">0</param>
                    <param id="3" name="Volume">0</param>
                    <param id="1" name="Tag (optional)">&quot;&quot;</param>
                </action>
            </actions>
            <sub-events>
                <event-block sid="2225487348981878">
                    <conditions>
                        <condition id="-12" name="Repeat" sid="21627800690925" type="System">
                            <param id="0" name="Count">8</param>
                        </condition>
                    </conditions>
                    <actions>
                        <action id="-3" name="Create object" sid="9174014989322676" type="System">
                            <param id="0" name="Object to create">Particles</param>
                            <param id="1" name="Layer">&quot;FX&quot;</param>
                            <param id="2" name="X">Player_Missile.X</param>
                            <param id="3" name="Y">Player_Missile.Y</param>
                        </action>
                        <action id="4" name="Set animation" sid="7118564678712173" type="Particles">
                            <param id="0" name="Animation">&quot;Explosion_3&quot;</param>
                            <param id="1" name="From">1</param>
                        </action>
                        <action behavior="Bullet" id="0" name="Set speed" sid="8883760051744891" type="Particles">
                            <param id="0" name="Speed">120</param>
                        </action>
                        <action behavior="Bullet" id="3" name="Set angle of motion" sid="1111970180029045" type="Particles">
                            <param id="0" name="Angle">loopindex * (360/8)</param>
                        </action>
                    </actions>
                </event-block>
            </sub-events>
        </event-block>
        <comment>Missile traits</comment>
        <event-block sid="3767365601600692">
            <conditions>
                <condition id="-3" name="Is on-screen" sid="6700001722865854" type="Player_Missile" />
            </conditions>
            <actions>
                <action behavior="Bullet" id="0" name="Set speed" sid="4099573832138954" type="Player_Missile">
                    <param id="0" name="Speed">Self.Bullet.Speed + 600 * dt</param>
                </action>
            </actions>
        </event-block>
        <event-block sid="2776847114187976">
            <conditions>
                <condition id="-6" name="Every X seconds" sid="7636824740555384" type="System">
                    <param id="0" name="Interval (seconds)">0.05</param>
                </condition>
                <condition id="-11" name="For Each" sid="9139462201692878" type="System">
                    <param id="0" name="Object">Player_Missile</param>
                </condition>
            </conditions>
            <actions>
                <action id="-3" name="Create object" sid="7728738895798064" type="System">
                    <param id="0" name="Object to create">Particles</param>
                    <param id="1" name="Layer">&quot;FX&quot;</param>
                    <param id="2" name="X">Player_Missile.ImagepointX(1)</param>
                    <param id="3" name="Y">Player_Missile.ImagepointY(1)</param>
                </action>
                <action id="4" name="Set animation" sid="2355420256489057" type="Particles">
                    <param id="0" name="Animation">&quot;Explosion_1&quot;</param>
                    <param id="1" name="From">1</param>
                </action>
            </actions>
        </event-block>
    </events>
</c2eventsheet>
