﻿<?xml version="1.0" encoding="utf-8" ?>
<c2eventsheet>
    <!--All the 'name' attributes are ignored by Construct 2 - they are there for readability only.-->
    <name>eSubscreen</name>
    <events>
        <comment>Set its timescale to 1 so its animation plays when the game is paused</comment>
        <event-block sid="296267543648637">
            <conditions>
                <condition id="-18" name="On created" sid="3607603866876781" type="SubScreen_PlayerWireFrame" />
            </conditions>
            <actions>
                <action id="-14" name="Set object time scale" sid="5950764236806667" type="System">
                    <param id="0" name="Object">SubScreen_PlayerWireFrame</param>
                    <param id="1" name="Time scale">1</param>
                </action>
            </actions>
        </event-block>
        <comment>Open / Close subscreen</comment>
        <event-block sid="5496130753556359">
            <conditions>
                <condition id="0" name="On key pressed" sid="1795933770299816" type="Keyboard">
                    <param id="0" name="Key">13 (Return)</param>
                </condition>
                <condition id="-14" name="Compare variable" sid="2481774554055253" type="System">
                    <param id="0" name="Variable">PAUSE_LOCK</param>
                    <param id="1" name="Comparison">0</param>
                    <param id="2" name="Value">0</param>
                </condition>
            </conditions>
            <actions>
                <action id="-9" name="Set value" sid="7707557595861465" type="System">
                    <param id="0" name="Variable">PAUSE</param>
                    <param id="1" name="Value">1 - PAUSE</param>
                </action>
                <action id="0" name="Call function" sid="868174178891905" type="Function">
                    <param id="0" name="Name">&quot;Transition&quot;</param>
                    <param id="1" name="Parameter {n}">&quot;in&quot;</param>
                </action>
            </actions>
            <sub-events>
                <event-block sid="575163220152443">
                    <conditions>
                        <condition id="-14" name="Compare variable" sid="1027136005954237" type="System">
                            <param id="0" name="Variable">PAUSE</param>
                            <param id="1" name="Comparison">0</param>
                            <param id="2" name="Value">0</param>
                        </condition>
                    </conditions>
                    <actions>
                        <action id="0" name="Call function" sid="2190727187992704" type="Function">
                            <param id="0" name="Name">&quot;Subscreen_Close&quot;</param>
                            <param id="1" name="Parameter {n}"></param>
                        </action>
                    </actions>
                </event-block>
                <event-block sid="1290668308738751">
                    <conditions>
                        <condition id="-14" name="Compare variable" sid="3275141447490921" type="System">
                            <param id="0" name="Variable">PAUSE</param>
                            <param id="1" name="Comparison">0</param>
                            <param id="2" name="Value">1</param>
                        </condition>
                    </conditions>
                    <actions>
                        <action id="0" name="Call function" sid="4908934404584715" type="Function">
                            <param id="0" name="Name">&quot;Subscreen_Open&quot;</param>
                            <param id="1" name="Parameter {n}"></param>
                        </action>
                    </actions>
                </event-block>
            </sub-events>
        </event-block>
        <comment>Set timescale and subscreen layer visibility, and reposition minimap objects from HUD to subscreen or vice-versa.</comment>
        <event-block sid="2279650986980083">
            <conditions>
                <condition id="0" name="On function" sid="4682072860511182" type="Function">
                    <param id="0" name="Name">&quot;Subscreen_Close&quot;</param>
                </condition>
            </conditions>
            <actions>
                <action id="-13" name="Set time scale" sid="8302927275023874" type="System">
                    <param id="0" name="Time scale">1</param>
                </action>
                <action id="-4" name="Set layer visible" sid="8698820622180753" type="System">
                    <param id="0" name="Layer">&quot;Subscreen&quot;</param>
                    <param id="1" name="Visibility">0</param>
                </action>
                <action id="0" name="Play" sid="6646450409952311" type="Audio">
                    <param id="0" name="Audio file">SubScreen_Close</param>
                    <param id="2" name="Loop">0</param>
                    <param id="3" name="Volume">0</param>
                    <param id="1" name="Tag (optional)">&quot;&quot;</param>
                </action>
                <action id="-12" name="Set group active" sid="8687778442537723" type="System">
                    <param id="0" name="Group name">&quot;Player Engine&quot;</param>
                    <param id="1" name="State">1</param>
                </action>
            </actions>
            <sub-events>
                <event-block sid="3130200638732431">
                    <conditions />
                    <actions>
                        <action id="-3" name="Set position" sid="6622366881819902" type="MiniMap_Cursor">
                            <param id="0" name="X">212</param>
                            <param id="1" name="Y">12</param>
                        </action>
                        <action id="-3" name="Set position" sid="6694135948233613" type="MiniMap_Backing">
                            <param id="0" name="X">196</param>
                            <param id="1" name="Y">4</param>
                        </action>
                        <action id="-7" name="Set size" sid="7448581612956518" type="MiniMap_Backing">
                            <param id="0" name="Width">40</param>
                            <param id="1" name="Height">24</param>
                        </action>
                    </actions>
                </event-block>
            </sub-events>
        </event-block>
        <event-block sid="9897304622752724">
            <conditions>
                <condition id="0" name="On function" sid="4254295441841333" type="Function">
                    <param id="0" name="Name">&quot;Subscreen_Open&quot;</param>
                </condition>
            </conditions>
            <actions>
                <action id="-13" name="Set time scale" sid="457550434143364" type="System">
                    <param id="0" name="Time scale">0</param>
                </action>
                <action id="-4" name="Set layer visible" sid="6608267428289497" type="System">
                    <param id="0" name="Layer">&quot;Subscreen&quot;</param>
                    <param id="1" name="Visibility">1</param>
                </action>
                <action id="0" name="Play" sid="5437323708525774" type="Audio">
                    <param id="0" name="Audio file">SubScreen_Open</param>
                    <param id="2" name="Loop">0</param>
                    <param id="3" name="Volume">0</param>
                    <param id="1" name="Tag (optional)">&quot;&quot;</param>
                </action>
                <action id="-12" name="Set group active" sid="1155618139456841" type="System">
                    <param id="0" name="Group name">&quot;Player Engine&quot;</param>
                    <param id="1" name="State">0</param>
                </action>
            </actions>
            <sub-events>
                <event-block sid="4721490205555378">
                    <conditions />
                    <actions>
                        <action id="-3" name="Set position" sid="7440520163773913" type="MiniMap_Cursor">
                            <param id="0" name="X">112</param>
                            <param id="1" name="Y">112</param>
                        </action>
                        <action id="-3" name="Set position" sid="2622421778927216" type="MiniMap_Backing">
                            <param id="0" name="X">24</param>
                            <param id="1" name="Y">88</param>
                        </action>
                        <action id="-7" name="Set size" sid="7091178884856479" type="MiniMap_Backing">
                            <param id="0" name="Width">192</param>
                            <param id="1" name="Height">64</param>
                        </action>
                    </actions>
                </event-block>
            </sub-events>
        </event-block>
        <comment>Move the minimap around via the arrow keys when the subscreen is open.</comment>
        <event-block sid="6140066098449844">
            <conditions>
                <condition id="-14" name="Compare variable" sid="5605907126971181" type="System">
                    <param id="0" name="Variable">PAUSE</param>
                    <param id="1" name="Comparison">0</param>
                    <param id="2" name="Value">1</param>
                </condition>
            </conditions>
            <actions />
            <sub-events>
                <event-block sid="5338239819838138">
                    <conditions>
                        <condition id="-7" name="Compare instance variable" sid="8659376959873037" type="MiniMap_Cursor">
                            <param id="0" name="Instance variable">subscreen_scroll_lock</param>
                            <param id="1" name="Comparison">4</param>
                            <param id="2" name="Value">0</param>
                        </condition>
                    </conditions>
                    <actions>
                        <action id="-12" name="Subtract from" sid="1423687638026476" type="MiniMap_Cursor">
                            <param id="0" name="Instance variable">subscreen_scroll_lock</param>
                            <param id="1" name="Value">self.dt</param>
                        </action>
                    </actions>
                </event-block>
                <event-block sid="9748148895384332">
                    <conditions>
                        <condition id="-7" name="Compare instance variable" sid="9089293995851307" type="MiniMap_Cursor">
                            <param id="0" name="Instance variable">subscreen_scroll_lock</param>
                            <param id="1" name="Comparison">3</param>
                            <param id="2" name="Value">0</param>
                        </condition>
                    </conditions>
                    <actions />
                    <sub-events>
                        <event-block sid="863877424084233">
                            <conditions>
                                <condition id="2" name="Key is down" sid="2488355697286563" type="Keyboard">
                                    <param id="0" name="Key">39 (Right arrow)</param>
                                </condition>
                            </conditions>
                            <actions>
                                <action id="-1" name="Set X" sid="3558736211952869" type="MiniMap_Cursor">
                                    <param id="0" name="X">self.X - 8</param>
                                </action>
                                <action id="-10" name="Set value" sid="3493820109465819" type="MiniMap_Cursor">
                                    <param id="0" name="Instance variable">subscreen_scroll_lock</param>
                                    <param id="1" name="Value">0.1</param>
                                </action>
                            </actions>
                        </event-block>
                        <event-block sid="218590872949076">
                            <conditions>
                                <condition id="2" name="Key is down" sid="2809119372989901" type="Keyboard">
                                    <param id="0" name="Key">37 (Left arrow)</param>
                                </condition>
                            </conditions>
                            <actions>
                                <action id="-1" name="Set X" sid="7937235705121171" type="MiniMap_Cursor">
                                    <param id="0" name="X">self.X + 8</param>
                                </action>
                                <action id="-10" name="Set value" sid="3454028264894929" type="MiniMap_Cursor">
                                    <param id="0" name="Instance variable">subscreen_scroll_lock</param>
                                    <param id="1" name="Value">0.1</param>
                                </action>
                            </actions>
                        </event-block>
                        <event-block sid="1804385286360494">
                            <conditions>
                                <condition id="2" name="Key is down" sid="5096844036318234" type="Keyboard">
                                    <param id="0" name="Key">38 (Up arrow)</param>
                                </condition>
                            </conditions>
                            <actions>
                                <action id="-2" name="Set Y" sid="1901212072473722" type="MiniMap_Cursor">
                                    <param id="0" name="Y">self.Y + 8</param>
                                </action>
                                <action id="-10" name="Set value" sid="7493494973244168" type="MiniMap_Cursor">
                                    <param id="0" name="Instance variable">subscreen_scroll_lock</param>
                                    <param id="1" name="Value">0.1</param>
                                </action>
                            </actions>
                        </event-block>
                        <event-block sid="4791089503116754">
                            <conditions>
                                <condition id="2" name="Key is down" sid="3013964399814073" type="Keyboard">
                                    <param id="0" name="Key">40 (Down arrow)</param>
                                </condition>
                            </conditions>
                            <actions>
                                <action id="-2" name="Set Y" sid="7953049130545784" type="MiniMap_Cursor">
                                    <param id="0" name="Y">self.Y - 8</param>
                                </action>
                                <action id="-10" name="Set value" sid="7326619830939558" type="MiniMap_Cursor">
                                    <param id="0" name="Instance variable">subscreen_scroll_lock</param>
                                    <param id="1" name="Value">0.1</param>
                                </action>
                            </actions>
                        </event-block>
                    </sub-events>
                </event-block>
            </sub-events>
        </event-block>
        <comment>Item tab visibility (to show whether or not the item has been collected)</comment>
        <event-block sid="1315897872097835">
            <conditions>
                <condition id="0" name="On function" sid="8103619298873698" type="Function">
                    <param id="0" name="Name">&quot;Subscreen_Open&quot;</param>
                </condition>
            </conditions>
            <actions />
            <sub-events>
                <comment>Loop through Data_Items to see which items have been collected</comment>
                <event-block sid="2006912006733718">
                    <conditions>
                        <condition id="1" name="For each key" sid="250167595317056" type="Data_Items" />
                        <condition id="2" name="Compare current value" sid="3498745522360587" type="Data_Items">
                            <param id="0" name="Comparison">4</param>
                            <param id="1" name="Value">0</param>
                        </condition>
                    </conditions>
                    <actions />
                    <sub-events>
                        <comment>If the .type variables of the item tabs and spritefonts match the name of a collected item, make them visible.</comment>
                        <event-block sid="6435846692600326">
                            <conditions>
                                <condition id="-11" name="For Each" sid="6667063129348358" type="System">
                                    <param id="0" name="Object">Subscreen_ItemTab</param>
                                </condition>
                                <condition id="-11" name="For Each" sid="742438623434789" type="System">
                                    <param id="0" name="Object">SpriteFonts</param>
                                </condition>
                            </conditions>
                            <actions />
                            <sub-events>
                                <event-block sid="5543430094734022">
                                    <conditions>
                                        <condition id="-8" name="Compare two values" sid="3339251012587316" type="System">
                                            <param id="0" name="First value">SpriteFonts.type</param>
                                            <param id="1" name="Comparison">0</param>
                                            <param id="2" name="Second value">Data_Items.CurrentKey</param>
                                        </condition>
                                        <condition id="-7" name="Compare instance variable" sid="1999171677971602" type="SpriteFonts">
                                            <param id="0" name="Instance variable">category</param>
                                            <param id="1" name="Comparison">0</param>
                                            <param id="2" name="Value">&quot;SubScreen&quot;</param>
                                        </condition>
                                    </conditions>
                                    <actions>
                                        <action id="-15" name="Set visible" sid="5176174338381136" type="SpriteFonts">
                                            <param id="0" name="Visibility">1</param>
                                        </action>
                                    </actions>
                                </event-block>
                                <event-block sid="560932231307872">
                                    <conditions>
                                        <condition id="-8" name="Compare two values" sid="8704174071459747" type="System">
                                            <param id="0" name="First value">Subscreen_ItemTab.type</param>
                                            <param id="1" name="Comparison">0</param>
                                            <param id="2" name="Second value">Data_Items.CurrentKey</param>
                                        </condition>
                                    </conditions>
                                    <actions>
                                        <action id="-15" name="Set visible" sid="7281711527593049" type="Subscreen_ItemTab">
                                            <param id="0" name="Visibility">1</param>
                                        </action>
                                    </actions>
                                </event-block>
                            </sub-events>
                        </event-block>
                    </sub-events>
                </event-block>
            </sub-events>
        </event-block>
    </events>
</c2eventsheet>
