﻿<?xml version="1.0" encoding="utf-8" ?>
<c2eventsheet>
    <!--All the 'name' attributes are ignored by Construct 2 - they are there for readability only.-->
    <name>eCollectibles</name>
    <events>
        <event-group description="" sid="2361670599784004" title="Items">
            <sub-events>
                <comment>Collect an item</comment>
                <event-block sid="7426948824246465">
                    <conditions>
                        <condition id="0" name="On collision with another object" sid="6546435616604253" type="Player_Base">
                            <param id="0" name="Object">Items</param>
                        </condition>
                    </conditions>
                    <actions>
                        <action id="0" name="Play" sid="8094916468864316" type="Audio">
                            <param id="0" name="Audio file">Item_Collect</param>
                            <param id="2" name="Loop">0</param>
                            <param id="3" name="Volume">0</param>
                            <param id="1" name="Tag (optional)">&quot;&quot;</param>
                        </action>
                        <action id="0" name="Call function" sid="6033603932104612" type="Function">
                            <param id="0" name="Name">&quot;Item_Collect&quot;</param>
                            <param id="1" name="Parameter {n}">Items.AnimationName</param>
                        </action>
                        <action id="-9" name="Set value" sid="5360041451885104" type="System">
                            <param id="0" name="Variable">PAUSE_LOCK</param>
                            <param id="1" name="Value">1</param>
                        </action>
                    </actions>
                    <sub-events>
                        <comment>&gt;Pause the game for the item collect sequence</comment>
                        <event-block sid="1796566832084095">
                            <conditions />
                            <actions>
                                <action id="-13" name="Set time scale" sid="613483969479619" type="System">
                                    <param id="0" name="Time scale">0</param>
                                </action>
                                <action id="-12" name="Set group active" sid="5847706266209033" type="System">
                                    <param id="0" name="Group name">&quot;Player Engine&quot;</param>
                                    <param id="1" name="State">0</param>
                                </action>
                            </actions>
                        </event-block>
                        <comment>&gt;Set the item&apos;s timescale to 1 so it can flash during the item collect sequence</comment>
                        <event-block sid="966686124304554">
                            <conditions />
                            <actions>
                                <action id="-14" name="Set object time scale" sid="5599423766223093" type="System">
                                    <param id="0" name="Object">Items</param>
                                    <param id="1" name="Time scale">1</param>
                                </action>
                                <action behavior="Flash" id="0" name="Flash" sid="6784647428613385" type="Items">
                                    <param id="0" name="&apos;On&apos; time">0.05</param>
                                    <param id="1" name="&apos;Off&apos; time">0.05</param>
                                    <param id="2" name="Duration">Infinity</param>
                                </action>
                            </actions>
                        </event-block>
                        <comment>&gt;Add item to save data &amp; create message</comment>
                        <event-block sid="5540253000726793">
                            <conditions>
                                <condition id="2" name="Is playing" sid="4187739999253879" type="Items">
                                    <param id="0" name="Animation">&quot;EnergyTank&quot;</param>
                                </condition>
                            </conditions>
                            <actions>
                                <action id="0" name="Add key" sid="3094398416620615" type="Data_Items">
                                    <param id="0" name="Key">&quot;Etanks&quot;</param>
                                    <param id="1" name="Value">Self.Get(&quot;Etanks&quot;) + 1</param>
                                </action>
                                <action id="0" name="Call function" sid="5132647113245905" type="Function">
                                    <param id="0" name="Name">&quot;Adjust_Energy&quot;</param>
                                    <param id="1" name="Parameter {n}">9999</param>
                                </action>
                                <action id="0" name="Call function" sid="3699210310129707" type="Function">
                                    <param id="0" name="Name">&quot;Message_Create&quot;</param>
                                    <param id="1" name="Parameter {n}">&quot;-ENERGY TANK-&quot;{###}&quot;INCREASES MAX ENERGY&quot;{###}0</param>
                                </action>
                            </actions>
                        </event-block>
                        <event-block sid="8431611159824047">
                            <conditions>
                                <condition id="2" name="Is playing" sid="6748288499113196" type="Items">
                                    <param id="0" name="Animation">&quot;MissileTank&quot;</param>
                                </condition>
                            </conditions>
                            <actions>
                                <action id="0" name="Add key" sid="2841338794116316" type="Data_Items">
                                    <param id="0" name="Key">&quot;MissileTanks&quot;</param>
                                    <param id="1" name="Value">Self.Get(&quot;MissileTanks&quot;) + 1</param>
                                </action>
                                <action id="0" name="Call function" sid="5703288433285664" type="Function">
                                    <param id="0" name="Name">&quot;Adjust_Missiles&quot;</param>
                                    <param id="1" name="Parameter {n}">9999</param>
                                </action>
                                <action id="0" name="Call function" sid="4634652443237261" type="Function">
                                    <param id="0" name="Name">&quot;Message_Create&quot;</param>
                                    <param id="1" name="Parameter {n}">&quot;-MISSILE TANK-&quot;{###}&quot;INCREASES MAX MISSILES&quot;{###}0</param>
                                </action>
                            </actions>
                        </event-block>
                        <event-block sid="2189683574880315">
                            <conditions>
                                <condition id="2" name="Is playing" sid="8538659969913738" type="Items">
                                    <param id="0" name="Animation">&quot;HiJumpBoots&quot;</param>
                                </condition>
                            </conditions>
                            <actions>
                                <action id="0" name="Add key" sid="460360658053672" type="Data_Items">
                                    <param id="0" name="Key">&quot;HiJumpBoots&quot;</param>
                                    <param id="1" name="Value">1</param>
                                </action>
                                <action id="0" name="Call function" sid="9260526310692382" type="Function">
                                    <param id="0" name="Name">&quot;Message_Create&quot;</param>
                                    <param id="1" name="Parameter {n}">&quot;-HI JUMP BOOTS-&quot;{###}&quot;INCREASES JUMP HEIGHT&quot;{###}0</param>
                                </action>
                            </actions>
                        </event-block>
                        <event-block sid="9472838993671588">
                            <conditions>
                                <condition id="2" name="Is playing" sid="1881109799329988" type="Items">
                                    <param id="0" name="Animation">&quot;HeatSuit&quot;</param>
                                </condition>
                            </conditions>
                            <actions>
                                <action id="0" name="Add key" sid="8232635792423223" type="Data_Items">
                                    <param id="0" name="Key">&quot;HeatSuit&quot;</param>
                                    <param id="1" name="Value">1</param>
                                </action>
                                <action id="0" name="Call function" sid="5545688781228726" type="Function">
                                    <param id="0" name="Name">&quot;Message_Create&quot;</param>
                                    <param id="1" name="Parameter {n}">&quot;-HEAT SUIT-&quot;{###}&quot;PROTECTS FROM LAVA&quot;{###}0</param>
                                </action>
                            </actions>
                        </event-block>
                        <event-block sid="4350340300433262">
                            <conditions>
                                <condition id="2" name="Is playing" sid="6581409773203086" type="Items">
                                    <param id="0" name="Animation">&quot;Map&quot;</param>
                                </condition>
                            </conditions>
                            <actions>
                                <action id="0" name="Add key" sid="1167656452547123" type="Data_Items">
                                    <param id="0" name="Key">&quot;Map&quot;</param>
                                    <param id="1" name="Value">1</param>
                                </action>
                                <action id="0" name="Call function" sid="5353873012601761" type="Function">
                                    <param id="0" name="Name">&quot;Message_Create&quot;</param>
                                    <param id="1" name="Parameter {n}">&quot;-MAP-&quot;{###}&quot;REVEALS AREA MAP&quot;{###}0</param>
                                </action>
                            </actions>
                        </event-block>
                        <comment>Add the ID of the item to Data_Persist so it doesn&apos;t show up again. (See eRoomSystem event 48-49)</comment>
                        <event-block sid="9993493685156618">
                            <conditions />
                            <actions>
                                <action id="0" name="Add key" sid="628206419311568" type="Data_Persist">
                                    <param id="0" name="Key">Items.ID</param>
                                    <param id="1" name="Value">0</param>
                                </action>
                            </actions>
                        </event-block>
                    </sub-events>
                </event-block>
            </sub-events>
        </event-group>
        <event-group description="" sid="2334273266525568" title="Pickups">
            <sub-events>
                <event-block sid="3880629548834039">
                    <conditions>
                        <condition id="0" name="On collision with another object" sid="10937555781635" type="Player_Base">
                            <param id="0" name="Object">Pickups</param>
                        </condition>
                    </conditions>
                    <actions>
                        <action id="-9" name="Destroy" sid="121164285271785" type="Pickups" />
                    </actions>
                    <sub-events>
                        <event-block sid="9580804051426572">
                            <conditions>
                                <condition id="2" name="Is playing" sid="6470905977264178" type="Pickups">
                                    <param id="0" name="Animation">&quot;Energy&quot;</param>
                                </condition>
                            </conditions>
                            <actions>
                                <action id="0" name="Call function" sid="3954416341811609" type="Function">
                                    <param id="0" name="Name">&quot;Adjust_Energy&quot;</param>
                                    <param id="1" name="Parameter {n}">25</param>
                                </action>
                                <action id="0" name="Play" sid="5650289075919131" type="Audio">
                                    <param id="0" name="Audio file">Collectible2</param>
                                    <param id="2" name="Loop">0</param>
                                    <param id="3" name="Volume">0</param>
                                    <param id="1" name="Tag (optional)">&quot;&quot;</param>
                                </action>
                            </actions>
                        </event-block>
                        <event-block sid="5376939105860525">
                            <conditions>
                                <condition id="2" name="Is playing" sid="4491082227822083" type="Pickups">
                                    <param id="0" name="Animation">&quot;Missiles&quot;</param>
                                </condition>
                            </conditions>
                            <actions>
                                <action id="0" name="Call function" sid="9390772496355603" type="Function">
                                    <param id="0" name="Name">&quot;Adjust_Missiles&quot;</param>
                                    <param id="1" name="Parameter {n}">5</param>
                                </action>
                                <action id="0" name="Play" sid="7165630625537965" type="Audio">
                                    <param id="0" name="Audio file">Collectible</param>
                                    <param id="2" name="Loop">0</param>
                                    <param id="3" name="Volume">0</param>
                                    <param id="1" name="Tag (optional)">&quot;&quot;</param>
                                </action>
                            </actions>
                        </event-block>
                    </sub-events>
                </event-block>
            </sub-events>
        </event-group>
        <event-group description="" sid="4523126425870138" title="Message box">
            <sub-events>
                <comment>This displays a message when an item is collected.</comment>
                <event-block sid="2861776296212531">
                    <conditions>
                        <condition id="0" name="On function" sid="2946445016826187" type="Function">
                            <param id="0" name="Name">&quot;Message_Create&quot;</param>
                        </condition>
                    </conditions>
                    <actions />
                    <sub-events>
                        <comment>&gt;Create message box</comment>
                        <event-block sid="2659141326874527">
                            <conditions />
                            <actions>
                                <action id="-3" name="Create object" sid="5269965568756681" type="System">
                                    <param id="0" name="Object to create">AlertBox</param>
                                    <param id="1" name="Layer">&quot;Transitions&quot;</param>
                                    <param id="2" name="X">RES_WIDTH / 2</param>
                                    <param id="3" name="Y">RES_HEIGHT - 24</param>
                                </action>
                                <action id="-14" name="Set object time scale" sid="9085106552917426" type="System">
                                    <param id="0" name="Object">AlertBox</param>
                                    <param id="1" name="Time scale">1</param>
                                </action>
                                <action behavior="Timer" id="0" name="Start timer" sid="7538337212974609" type="AlertBox">
                                    <param id="0" name="Duration">2</param>
                                    <param id="1" name="Type">0</param>
                                    <param id="2" name="Tag">&quot;destroy&quot;</param>
                                </action>
                            </actions>
                            <sub-events>
                                <comment>Two lines for item name &amp; description</comment>
                                <event-block sid="2705052688156955">
                                    <conditions>
                                        <condition id="1" name="Compare parameter" sid="7852750817536574" type="Function">
                                            <param id="0" name="Index">2</param>
                                            <param id="1" name="Comparison">0</param>
                                            <param id="2" name="Value">0</param>
                                        </condition>
                                    </conditions>
                                    <actions>
                                        <action id="-3" name="Create object" sid="112885937186698" type="System">
                                            <param id="0" name="Object to create">SpriteFont</param>
                                            <param id="1" name="Layer">&quot;Transitions&quot;</param>
                                            <param id="2" name="X">AlertBox.X</param>
                                            <param id="3" name="Y">AlertBox.Y - 6</param>
                                        </action>
                                        <action id="-10" name="Set value" sid="8255390131449644" type="SpriteFont">
                                            <param id="0" name="Instance variable">type</param>
                                            <param id="1" name="Value">&quot;message&quot;</param>
                                        </action>
                                        <action id="-7" name="Set size" sid="9255882556464993" type="SpriteFont">
                                            <param id="0" name="Width">AlertBox.Width</param>
                                            <param id="1" name="Height">AlertBox.Height</param>
                                        </action>
                                        <action id="0" name="Set text" sid="4175005357919995" type="SpriteFont">
                                            <param id="0" name="Text">function.Param(0)</param>
                                        </action>
                                        <action id="-28" name="Set effect parameter" sid="356884948814925" type="SpriteFont">
                                            <param id="0" name="Effect">&quot;ReplaceColor&quot;</param>
                                            <param id="1" name="Parameter index">4</param>
                                            <param id="2" name="Value">127</param>
                                        </action>
                                        <action id="-28" name="Set effect parameter" sid="4966098273553324" type="SpriteFont">
                                            <param id="0" name="Effect">&quot;ReplaceColor&quot;</param>
                                            <param id="1" name="Parameter index">5</param>
                                            <param id="2" name="Value">24</param>
                                        </action>
                                        <action id="-3" name="Create object" sid="357374450838543" type="System">
                                            <param id="0" name="Object to create">SpriteFont</param>
                                            <param id="1" name="Layer">&quot;Transitions&quot;</param>
                                            <param id="2" name="X">AlertBox.X</param>
                                            <param id="3" name="Y">AlertBox.Y + 6</param>
                                        </action>
                                        <action id="-10" name="Set value" sid="9726980096917847" type="SpriteFont">
                                            <param id="0" name="Instance variable">type</param>
                                            <param id="1" name="Value">&quot;message&quot;</param>
                                        </action>
                                        <action id="-7" name="Set size" sid="1307252013416353" type="SpriteFont">
                                            <param id="0" name="Width">AlertBox.Width</param>
                                            <param id="1" name="Height">AlertBox.Height</param>
                                        </action>
                                        <action id="0" name="Set text" sid="4330313810499132" type="SpriteFont">
                                            <param id="0" name="Text">function.Param(1)</param>
                                        </action>
                                    </actions>
                                </event-block>
                                <comment>One centered line for simple messages (Game Saved, etc.)</comment>
                                <event-block sid="9225908358241263">
                                    <conditions>
                                        <condition id="1" name="Compare parameter" sid="1039358061624342" type="Function">
                                            <param id="0" name="Index">2</param>
                                            <param id="1" name="Comparison">0</param>
                                            <param id="2" name="Value">1</param>
                                        </condition>
                                    </conditions>
                                    <actions>
                                        <action id="-3" name="Create object" sid="940719167306861" type="System">
                                            <param id="0" name="Object to create">SpriteFont</param>
                                            <param id="1" name="Layer">&quot;Transitions&quot;</param>
                                            <param id="2" name="X">AlertBox.X</param>
                                            <param id="3" name="Y">AlertBox.Y</param>
                                        </action>
                                        <action id="-10" name="Set value" sid="3363009665140096" type="SpriteFont">
                                            <param id="0" name="Instance variable">type</param>
                                            <param id="1" name="Value">&quot;message&quot;</param>
                                        </action>
                                        <action id="-7" name="Set size" sid="5883872331184105" type="SpriteFont">
                                            <param id="0" name="Width">AlertBox.Width</param>
                                            <param id="1" name="Height">AlertBox.Height</param>
                                        </action>
                                        <action id="0" name="Set text" sid="7727940791853285" type="SpriteFont">
                                            <param id="0" name="Text">function.Param(0)</param>
                                        </action>
                                        <action id="-28" name="Set effect parameter" sid="4296994541595715" type="SpriteFont">
                                            <param id="0" name="Effect">&quot;ReplaceColor&quot;</param>
                                            <param id="1" name="Parameter index">4</param>
                                            <param id="2" name="Value">127</param>
                                        </action>
                                        <action id="-28" name="Set effect parameter" sid="2244409350771254" type="SpriteFont">
                                            <param id="0" name="Effect">&quot;ReplaceColor&quot;</param>
                                            <param id="1" name="Parameter index">5</param>
                                            <param id="2" name="Value">24</param>
                                        </action>
                                    </actions>
                                </event-block>
                            </sub-events>
                        </event-block>
                    </sub-events>
                </event-block>
                <comment>When the collect item sequence is finished, destroy the message box and resume the game.</comment>
                <event-block sid="9810150203960234">
                    <conditions>
                        <condition behavior="Timer" id="0" name="On timer" sid="5074524751937506" type="AlertBox">
                            <param id="0" name="Tag">&quot;destroy&quot;</param>
                        </condition>
                    </conditions>
                    <actions>
                        <action id="0" name="Call function" sid="5280482887585587" type="Function">
                            <param id="0" name="Name">&quot;Message_Destroy&quot;</param>
                            <param id="1" name="Parameter {n}">1</param>
                        </action>
                    </actions>
                </event-block>
                <comment>Or destroy the message box when a room transition starts or when you open the subscreen.</comment>
                <event-block sid="740391470784461">
                    <conditions>
                        <condition id="-7" name="Compare instance variable" sid="6314432841950511" type="Controller_Rooms">
                            <param id="0" name="Instance variable">rmTran_state</param>
                            <param id="1" name="Comparison">1</param>
                            <param id="2" name="Value">&quot;&quot;</param>
                        </condition>
                        <condition id="-4" name="Trigger once while true" sid="7381023774260824" type="System" />
                    </conditions>
                    <actions>
                        <action id="0" name="Call function" sid="2458623496463244" type="Function">
                            <param id="0" name="Name">&quot;Message_Destroy&quot;</param>
                            <param id="1" name="Parameter {n}">0</param>
                        </action>
                    </actions>
                </event-block>
                <event-block sid="3654770753039806">
                    <conditions>
                        <condition id="-14" name="Compare variable" sid="7063169856537642" type="System">
                            <param id="0" name="Variable">PAUSE</param>
                            <param id="1" name="Comparison">0</param>
                            <param id="2" name="Value">1</param>
                        </condition>
                        <condition id="-4" name="Trigger once while true" sid="2171324460767326" type="System" />
                    </conditions>
                    <actions>
                        <action id="0" name="Call function" sid="7116863135111845" type="Function">
                            <param id="0" name="Name">&quot;Message_Destroy&quot;</param>
                            <param id="1" name="Parameter {n}">0</param>
                        </action>
                    </actions>
                </event-block>
                <comment>Finish / Destroy the message box</comment>
                <event-block sid="819507024903467">
                    <conditions>
                        <condition id="0" name="On function" sid="6722892654142951" type="Function">
                            <param id="0" name="Name">&quot;Message_Destroy&quot;</param>
                        </condition>
                    </conditions>
                    <actions>
                        <action id="-9" name="Destroy" sid="1436263832749773" type="AlertBox" />
                    </actions>
                    <sub-events>
                        <event-block sid="3005124021138301">
                            <conditions>
                                <condition id="-7" name="Compare instance variable" sid="1161995744328544" type="SpriteFonts">
                                    <param id="0" name="Instance variable">type</param>
                                    <param id="1" name="Comparison">0</param>
                                    <param id="2" name="Value">&quot;message&quot;</param>
                                </condition>
                            </conditions>
                            <actions>
                                <action id="-9" name="Destroy" sid="4279064154679799" type="SpriteFonts" />
                            </actions>
                        </event-block>
                        <event-block sid="8396439887026306">
                            <conditions>
                                <condition behavior="Flash" id="0" name="Is flashing" sid="3941656605404511" type="Items" />
                            </conditions>
                            <actions>
                                <action id="-9" name="Destroy" sid="9450129246072011" type="Items" />
                            </actions>
                        </event-block>
                        <event-block sid="8458312658873568">
                            <conditions>
                                <condition id="1" name="Compare parameter" sid="7396476661697752" type="Function">
                                    <param id="0" name="Index">0</param>
                                    <param id="1" name="Comparison">0</param>
                                    <param id="2" name="Value">1</param>
                                </condition>
                            </conditions>
                            <actions>
                                <action id="-13" name="Set time scale" sid="4198770648685537" type="System">
                                    <param id="0" name="Time scale">1</param>
                                </action>
                                <action id="-12" name="Set group active" sid="6899720299822807" type="System">
                                    <param id="0" name="Group name">&quot;Player Engine&quot;</param>
                                    <param id="1" name="State">1</param>
                                </action>
                                <action id="-9" name="Set value" sid="1826250848171874" type="System">
                                    <param id="0" name="Variable">PAUSE_LOCK</param>
                                    <param id="1" name="Value">0</param>
                                </action>
                            </actions>
                        </event-block>
                    </sub-events>
                </event-block>
            </sub-events>
        </event-group>
    </events>
</c2eventsheet>
