﻿<?xml version="1.0" encoding="utf-8" ?>
<c2eventsheet>
    <!--All the 'name' attributes are ignored by Construct 2 - they are there for readability only.-->
    <name>eEnemies</name>
    <events>
        <event-group description="" sid="8769336049116378" title="Damage Enemy">
            <sub-events>
                <comment>Damage an enemy with a projectile</comment>
                <event-block sid="3921816954533947">
                    <conditions>
                        <condition id="0" name="On collision with another object" sid="8238760472619288" type="Projectiles">
                            <param id="0" name="Object">Enemies</param>
                        </condition>
                    </conditions>
                    <actions>
                        <action id="-13" name="Set boolean" sid="2189518448400784" type="Projectiles">
                            <param id="0" name="Instance variable">destroy</param>
                            <param id="1" name="Value">1</param>
                        </action>
                        <action id="-12" name="Subtract from" sid="6096755273705799" type="Enemies">
                            <param id="0" name="Instance variable">health</param>
                            <param id="1" name="Value">Projectiles.power</param>
                        </action>
                        <action id="0" name="Call function" sid="607503418618505" type="Function">
                            <param id="0" name="Name">&quot;Object_Flash&quot;</param>
                            <param id="1" name="Parameter {n}">Enemies.UID</param>
                        </action>
                        <action id="0" name="Play" sid="5048263692946066" type="Audio">
                            <param id="0" name="Audio file">Enemy_Hurt</param>
                            <param id="2" name="Loop">0</param>
                            <param id="3" name="Volume">5</param>
                            <param id="1" name="Tag (optional)">&quot;&quot;</param>
                        </action>
                    </actions>
                </event-block>
                <comment>Destroy enemy</comment>
                <event-block sid="6829737079115064">
                    <conditions>
                        <condition id="-7" name="Compare instance variable" sid="7248608584345121" type="Enemies">
                            <param id="0" name="Instance variable">health</param>
                            <param id="1" name="Comparison">3</param>
                            <param id="2" name="Value">0</param>
                        </condition>
                    </conditions>
                    <actions>
                        <action id="-9" name="Destroy" sid="7572012063780361" type="Enemies" />
                        <action id="-3" name="Create object" sid="1495849698091991" type="System">
                            <param id="0" name="Object to create">Particles</param>
                            <param id="1" name="Layer">&quot;FX&quot;</param>
                            <param id="2" name="X">Enemies.X</param>
                            <param id="3" name="Y">Enemies.Y - Enemies.Height / 2</param>
                        </action>
                        <action id="4" name="Set animation" sid="9946747901331666" type="Particles">
                            <param id="0" name="Animation">&quot;Explosion_2&quot;</param>
                            <param id="1" name="From">1</param>
                        </action>
                        <action id="0" name="Play" sid="9433328000977062" type="Audio">
                            <param id="0" name="Audio file">Enemy_Death</param>
                            <param id="2" name="Loop">0</param>
                            <param id="3" name="Volume">0</param>
                            <param id="1" name="Tag (optional)">&quot;&quot;</param>
                        </action>
                    </actions>
                    <sub-events>
                        <comment>Drop a pickup</comment>
                        <variable constant="0" name="ItemDrop" sid="2760982918832742" static="0" type="number">0</variable>
                        <event-block sid="5353893572746419">
                            <conditions />
                            <actions>
                                <action id="-9" name="Set value" sid="9148149643818443" type="System">
                                    <param id="0" name="Variable">ItemDrop</param>
                                    <param id="1" name="Value">random(10)</param>
                                </action>
                            </actions>
                            <sub-events>
                                <event-block sid="1104466274612465">
                                    <conditions>
                                        <condition id="-14" name="Compare variable" sid="2969809816726368" type="System">
                                            <param id="0" name="Variable">ItemDrop</param>
                                            <param id="1" name="Comparison">4</param>
                                            <param id="2" name="Value">5</param>
                                        </condition>
                                    </conditions>
                                    <actions>
                                        <action id="-3" name="Create object" sid="4391737567835856" type="System">
                                            <param id="0" name="Object to create">Pickups</param>
                                            <param id="1" name="Layer">&quot;Objects&quot;</param>
                                            <param id="2" name="X">Enemies.X</param>
                                            <param id="3" name="Y">Enemies.Y - Enemies.Height / 2</param>
                                        </action>
                                        <action id="4" name="Set animation" sid="634019069731364" type="Pickups">
                                            <param id="0" name="Animation">choose(&quot;Energy&quot;,&quot;Missiles&quot;)</param>
                                            <param id="1" name="From">1</param>
                                        </action>
                                    </actions>
                                </event-block>
                            </sub-events>
                        </event-block>
                    </sub-events>
                </event-block>
            </sub-events>
        </event-group>
        <event-group description="" sid="1663238393833991" title="Enemy AI">
            <sub-events>
                <event-group description="" sid="1419342452970185" title="Worm">
                    <sub-events>
                        <comment>If moving left...</comment>
                        <event-block sid="4663063402041635">
                            <conditions>
                                <condition id="-7" name="Compare instance variable" sid="6275990178788037" type="En_ground">
                                    <param id="0" name="Instance variable">direction</param>
                                    <param id="1" name="Comparison">0</param>
                                    <param id="2" name="Value">0</param>
                                </condition>
                            </conditions>
                            <actions>
                                <action behavior="Platform" id="7" name="Simulate control" sid="6850547560186916" type="En_ground">
                                    <param id="0" name="Control">0</param>
                                </action>
                                <action id="7" name="Set mirrored" sid="4801036927507029" type="En_ground">
                                    <param id="0" name="State">0</param>
                                </action>
                            </actions>
                            <sub-events>
                                <comment>Turn around when touching a wall or reaching the edge of a platform</comment>
                                <event-block sid="6766484083314077">
                                    <conditions>
                                        <condition behavior="Platform" id="10" name="Is by wall" sid="5547561298557663" type="En_ground">
                                            <param id="0" name="Side">0</param>
                                        </condition>
                                    </conditions>
                                    <actions>
                                        <action id="-10" name="Set value" sid="217061311013548" type="En_ground">
                                            <param id="0" name="Instance variable">direction</param>
                                            <param id="1" name="Value">1</param>
                                        </action>
                                    </actions>
                                </event-block>
                                <event-block sid="2491568078879325">
                                    <conditions>
                                        <condition id="9" inverted="1" name="Is overlapping at offset" sid="3752546081605358" type="En_ground">
                                            <param id="0" name="Object">TileMap_Collisions</param>
                                            <param id="1" name="Offset X">-16</param>
                                            <param id="2" name="Offset Y">4</param>
                                        </condition>
                                        <condition id="9" inverted="1" name="Is overlapping at offset" sid="3782261697496415" type="En_ground">
                                            <param id="0" name="Object">Solids</param>
                                            <param id="1" name="Offset X">-16</param>
                                            <param id="2" name="Offset Y">4</param>
                                        </condition>
                                    </conditions>
                                    <actions>
                                        <action id="-10" name="Set value" sid="2310321590102514" type="En_ground">
                                            <param id="0" name="Instance variable">direction</param>
                                            <param id="1" name="Value">1</param>
                                        </action>
                                    </actions>
                                </event-block>
                            </sub-events>
                        </event-block>
                        <comment>If moving right...</comment>
                        <event-block sid="1067651464692135">
                            <conditions>
                                <condition id="-7" name="Compare instance variable" sid="4804587988718276" type="En_ground">
                                    <param id="0" name="Instance variable">direction</param>
                                    <param id="1" name="Comparison">0</param>
                                    <param id="2" name="Value">1</param>
                                </condition>
                            </conditions>
                            <actions>
                                <action behavior="Platform" id="7" name="Simulate control" sid="3164190446527734" type="En_ground">
                                    <param id="0" name="Control">1</param>
                                </action>
                                <action id="7" name="Set mirrored" sid="2990784320159178" type="En_ground">
                                    <param id="0" name="State">1</param>
                                </action>
                            </actions>
                            <sub-events>
                                <comment>Turn around when touching a wall or reaching the edge of a platform</comment>
                                <event-block sid="9078261382279138">
                                    <conditions>
                                        <condition behavior="Platform" id="10" name="Is by wall" sid="9216467644493653" type="En_ground">
                                            <param id="0" name="Side">1</param>
                                        </condition>
                                    </conditions>
                                    <actions>
                                        <action id="-10" name="Set value" sid="2705794907497832" type="En_ground">
                                            <param id="0" name="Instance variable">direction</param>
                                            <param id="1" name="Value">0</param>
                                        </action>
                                    </actions>
                                </event-block>
                                <event-block sid="6001108019594145">
                                    <conditions>
                                        <condition id="9" inverted="1" name="Is overlapping at offset" sid="1234392907322694" type="En_ground">
                                            <param id="0" name="Object">TileMap_Collisions</param>
                                            <param id="1" name="Offset X">16</param>
                                            <param id="2" name="Offset Y">4</param>
                                        </condition>
                                        <condition id="9" inverted="1" name="Is overlapping at offset" sid="7950216411694403" type="En_ground">
                                            <param id="0" name="Object">Solids</param>
                                            <param id="1" name="Offset X">16</param>
                                            <param id="2" name="Offset Y">4</param>
                                        </condition>
                                    </conditions>
                                    <actions>
                                        <action id="-10" name="Set value" sid="7086302461068801" type="En_ground">
                                            <param id="0" name="Instance variable">direction</param>
                                            <param id="1" name="Value">0</param>
                                        </action>
                                    </actions>
                                </event-block>
                            </sub-events>
                        </event-block>
                    </sub-events>
                </event-group>
                <event-group description="" sid="6195052926311634" title="Hopper">
                    <sub-events>
                        <comment>Set direction when on floor</comment>
                        <event-block sid="3334743831708727">
                            <conditions>
                                <condition behavior="Platform" id="2" name="Is on floor" sid="265388437869753" type="En_Hopper" />
                            </conditions>
                            <actions />
                            <sub-events>
                                <event-block sid="710110465386594">
                                    <conditions>
                                        <condition id="-1" name="Compare X" sid="4840400628074245" type="En_Hopper">
                                            <param id="0" name="Comparison">4</param>
                                            <param id="1" name="X co-ordinate">Player_Base.X</param>
                                        </condition>
                                    </conditions>
                                    <actions>
                                        <action id="-10" name="Set value" sid="8362552147289856" type="En_Hopper">
                                            <param id="0" name="Instance variable">direction</param>
                                            <param id="1" name="Value">0</param>
                                        </action>
                                    </actions>
                                </event-block>
                                <event-block sid="336755384097605">
                                    <conditions>
                                        <condition id="-1" name="Compare X" sid="4567373540403841" type="En_Hopper">
                                            <param id="0" name="Comparison">2</param>
                                            <param id="1" name="X co-ordinate">Player_Base.X</param>
                                        </condition>
                                    </conditions>
                                    <actions>
                                        <action id="-10" name="Set value" sid="401394357941355" type="En_Hopper">
                                            <param id="0" name="Instance variable">direction</param>
                                            <param id="1" name="Value">1</param>
                                        </action>
                                    </actions>
                                </event-block>
                            </sub-events>
                        </event-block>
                        <comment>Hop</comment>
                        <event-block any="1" sid="8643798641985282">
                            <conditions>
                                <condition id="-18" name="On created" sid="3758344851395736" type="En_Hopper" />
                                <condition behavior="Platform" id="9" name="On landed" sid="9776312459577927" type="En_Hopper" />
                            </conditions>
                            <actions>
                                <action id="4" name="Set animation" sid="6688602938251765" type="En_Hopper">
                                    <param id="0" name="Animation">&quot;Idle&quot;</param>
                                    <param id="1" name="From">1</param>
                                </action>
                                <action behavior="Timer" id="0" name="Start timer" sid="2154475258523703" type="En_Hopper">
                                    <param id="0" name="Duration">1</param>
                                    <param id="1" name="Type">0</param>
                                    <param id="2" name="Tag">&quot;Hop&quot;</param>
                                </action>
                            </actions>
                        </event-block>
                        <event-block sid="6874127196815463">
                            <conditions>
                                <condition behavior="Timer" id="0" name="On timer" sid="5267580354922483" type="En_Hopper">
                                    <param id="0" name="Tag">&quot;Hop&quot;</param>
                                </condition>
                            </conditions>
                            <actions>
                                <action id="4" name="Set animation" sid="7958171593449899" type="En_Hopper">
                                    <param id="0" name="Animation">&quot;PreJump&quot;</param>
                                    <param id="1" name="From">1</param>
                                </action>
                            </actions>
                        </event-block>
                        <event-block sid="1767141185583089">
                            <conditions>
                                <condition id="4" name="On finished" sid="5986842356534972" type="En_Hopper">
                                    <param id="0" name="Animation">&quot;PreJump&quot;</param>
                                </condition>
                            </conditions>
                            <actions>
                                <action id="4" name="Set animation" sid="600606230504841" type="En_Hopper">
                                    <param id="0" name="Animation">&quot;Jump&quot;</param>
                                    <param id="1" name="From">1</param>
                                </action>
                                <action behavior="Platform" id="7" name="Simulate control" sid="917937435476596" type="En_Hopper">
                                    <param id="0" name="Control">2</param>
                                </action>
                            </actions>
                        </event-block>
                        <comment>Move left/right when in the air</comment>
                        <event-block sid="4903830400202098">
                            <conditions>
                                <condition behavior="Platform" id="2" inverted="1" name="Is on floor" sid="1289489394951597" type="En_Hopper" />
                            </conditions>
                            <actions />
                            <sub-events>
                                <event-block sid="5451216836017332">
                                    <conditions>
                                        <condition id="-7" name="Compare instance variable" sid="1762561512658363" type="En_Hopper">
                                            <param id="0" name="Instance variable">direction</param>
                                            <param id="1" name="Comparison">0</param>
                                            <param id="2" name="Value">0</param>
                                        </condition>
                                    </conditions>
                                    <actions>
                                        <action behavior="Platform" id="7" name="Simulate control" sid="3163346604831119" type="En_Hopper">
                                            <param id="0" name="Control">0</param>
                                        </action>
                                    </actions>
                                </event-block>
                                <event-block sid="7480666528471641">
                                    <conditions>
                                        <condition id="-7" name="Compare instance variable" sid="7150439189322025" type="En_Hopper">
                                            <param id="0" name="Instance variable">direction</param>
                                            <param id="1" name="Comparison">0</param>
                                            <param id="2" name="Value">1</param>
                                        </condition>
                                    </conditions>
                                    <actions>
                                        <action behavior="Platform" id="7" name="Simulate control" sid="8059708230261587" type="En_Hopper">
                                            <param id="0" name="Control">1</param>
                                        </action>
                                    </actions>
                                </event-block>
                            </sub-events>
                        </event-block>
                    </sub-events>
                </event-group>
                <event-group description="" sid="3104773727915226" title="Hornet">
                    <sub-events>
                        <comment>Spawn a hornet, set minimum height from spawner before attacking, set direction.</comment>
                        <event-block sid="5517600222969441">
                            <conditions>
                                <condition id="-3" name="Is on-screen" sid="5429428640197962" type="Spawner_flyingtype" />
                                <condition id="-6" name="Every X seconds" sid="2091019992644944" type="System">
                                    <param id="0" name="Interval (seconds)">1</param>
                                </condition>
                            </conditions>
                            <actions>
                                <action id="-3" name="Create object" sid="3477978629302872" type="System">
                                    <param id="0" name="Object to create">En_flyingtype</param>
                                    <param id="1" name="Layer">&quot;Objects&quot;</param>
                                    <param id="2" name="X">Spawner_flyingtype.X</param>
                                    <param id="3" name="Y">Spawner_flyingtype.Y</param>
                                </action>
                                <action behavior="Bullet" id="3" name="Set angle of motion" sid="3452931451340968" type="En_flyingtype">
                                    <param id="0" name="Angle">270</param>
                                </action>
                                <action id="-10" name="Set value" sid="5491123759368321" type="En_flyingtype">
                                    <param id="0" name="Instance variable">threshold_y</param>
                                    <param id="1" name="Value">self.Y - 16</param>
                                </action>
                            </actions>
                            <sub-events>
                                <event-block sid="4251885438501632">
                                    <conditions>
                                        <condition id="-1" name="Compare X" sid="6379595913000756" type="En_flyingtype">
                                            <param id="0" name="Comparison">2</param>
                                            <param id="1" name="X co-ordinate">Player_Base.X</param>
                                        </condition>
                                    </conditions>
                                    <actions>
                                        <action id="7" name="Set mirrored" sid="7970887604698953" type="En_flyingtype">
                                            <param id="0" name="State">1</param>
                                        </action>
                                    </actions>
                                </event-block>
                                <event-block sid="2915799502452053">
                                    <conditions>
                                        <condition id="-1" name="Compare X" sid="3223456436151031" type="En_flyingtype">
                                            <param id="0" name="Comparison">4</param>
                                            <param id="1" name="X co-ordinate">Player_Base.X</param>
                                        </condition>
                                    </conditions>
                                    <actions>
                                        <action id="7" name="Set mirrored" sid="413253509098965" type="En_flyingtype">
                                            <param id="0" name="State">0</param>
                                        </action>
                                    </actions>
                                </event-block>
                            </sub-events>
                        </event-block>
                        <comment>If hornet.y is lower or equal to threshold_y and  player_base.y, then attack.</comment>
                        <event-block sid="5861837810398226">
                            <conditions>
                                <condition id="-2" name="Compare Y" sid="4136631945368372" type="En_flyingtype">
                                    <param id="0" name="Comparison">3</param>
                                    <param id="1" name="Y co-ordinate">self.threshold_y</param>
                                </condition>
                                <condition id="-2" name="Compare Y" sid="8634482584067615" type="En_flyingtype">
                                    <param id="0" name="Comparison">3</param>
                                    <param id="1" name="Y co-ordinate">Player_Base.Y</param>
                                </condition>
                                <condition id="-7" name="Compare instance variable" sid="5047261453893903" type="En_flyingtype">
                                    <param id="0" name="Instance variable">attacking</param>
                                    <param id="1" name="Comparison">0</param>
                                    <param id="2" name="Value">0</param>
                                </condition>
                            </conditions>
                            <actions>
                                <action behavior="Bullet" id="0" name="Set speed" sid="371505946346765" type="En_flyingtype">
                                    <param id="0" name="Speed">120</param>
                                </action>
                                <action id="-10" name="Set value" sid="8948866171996026" type="En_flyingtype">
                                    <param id="0" name="Instance variable">attacking</param>
                                    <param id="1" name="Value">1</param>
                                </action>
                            </actions>
                            <sub-events>
                                <event-block sid="77525306473311">
                                    <conditions>
                                        <condition id="7" inverted="1" name="Is mirrored" sid="7628158154900071" type="En_flyingtype" />
                                    </conditions>
                                    <actions>
                                        <action behavior="Bullet" id="3" name="Set angle of motion" sid="9851399031818984" type="En_flyingtype">
                                            <param id="0" name="Angle">0</param>
                                        </action>
                                    </actions>
                                </event-block>
                                <event-block sid="5886958146111069">
                                    <conditions>
                                        <condition id="7" name="Is mirrored" sid="8851391439160441" type="En_flyingtype" />
                                    </conditions>
                                    <actions>
                                        <action behavior="Bullet" id="3" name="Set angle of motion" sid="2436149501135631" type="En_flyingtype">
                                            <param id="0" name="Angle">180</param>
                                        </action>
                                    </actions>
                                </event-block>
                            </sub-events>
                        </event-block>
                        <comment>Destroy hornet if it leaves a room.</comment>
                        <event-block sid="2551694085832302">
                            <conditions>
                                <condition id="1" inverted="1" name="Is overlapping another object" sid="3172988148908381" type="En_flyingtype">
                                    <param id="0" name="Object">RoomZone</param>
                                </condition>
                                <condition id="-14" name="Pick by unique ID" sid="9413611137792714" type="RoomZone">
                                    <param id="0" name="Unique ID">Controller_Rooms.rm_currentUID</param>
                                </condition>
                            </conditions>
                            <actions>
                                <action id="-9" name="Destroy" sid="163617603219504" type="En_flyingtype" />
                            </actions>
                        </event-block>
                    </sub-events>
                </event-group>
            </sub-events>
        </event-group>
    </events>
</c2eventsheet>
