﻿<?xml version="1.0" encoding="utf-8" ?>
<c2eventsheet>
    <!--All the 'name' attributes are ignored by Construct 2 - they are there for readability only.-->
    <name>eFX</name>
    <events>
        <comment>Destroy particles</comment>
        <event-block any="1" sid="7481067497141903">
            <conditions>
                <condition id="5" name="On any finished" sid="4067673061641046" type="Particles" />
                <condition id="-3" inverted="1" name="Is on-screen" sid="6354967645562537" type="Particles" />
            </conditions>
            <actions>
                <action id="-9" name="Destroy" sid="6683105582058256" type="Particles" />
            </actions>
        </event-block>
        <comment>Flash an object white</comment>
        <event-block sid="492569720002865">
            <conditions>
                <condition id="0" name="On function" sid="5187090873888224" type="Function">
                    <param id="0" name="Name">&quot;Object_Flash&quot;</param>
                </condition>
                <condition id="-14" name="Pick by unique ID" sid="7452111026113806" type="Behaviors">
                    <param id="0" name="Unique ID">function.Param(0)</param>
                </condition>
            </conditions>
            <actions>
                <action id="-28" name="Set effect parameter" sid="3675205821941824" type="Behaviors">
                    <param id="0" name="Effect">&quot;Brightness&quot;</param>
                    <param id="1" name="Parameter index">0</param>
                    <param id="2" name="Value">200</param>
                </action>
                <action id="-16" name="Wait" sid="7576512339567871" type="System">
                    <param id="0" name="Seconds">0.1</param>
                </action>
                <action id="-28" name="Set effect parameter" sid="7369818318946596" type="Behaviors">
                    <param id="0" name="Effect">&quot;Brightness&quot;</param>
                    <param id="1" name="Parameter index">0</param>
                    <param id="2" name="Value">100</param>
                </action>
            </actions>
        </event-block>
        <comment>Screen Transitions (fade to black)</comment>
        <event-block sid="1015907586858144">
            <conditions>
                <condition id="0" name="On function" sid="3751833823522241" type="Function">
                    <param id="0" name="Name">&quot;Transition&quot;</param>
                </condition>
            </conditions>
            <actions>
                <action id="-9" name="Destroy" sid="8533708163680456" type="Transition" />
                <action id="-3" name="Create object" sid="7682500568535332" type="System">
                    <param id="0" name="Object to create">Transition</param>
                    <param id="1" name="Layer">&quot;Transitions&quot;</param>
                    <param id="2" name="X">0</param>
                    <param id="3" name="Y">0</param>
                </action>
                <action id="-7" name="Set size" sid="4676379480289774" type="Transition">
                    <param id="0" name="Width">RES_WIDTH</param>
                    <param id="1" name="Height">RES_HEIGHT</param>
                </action>
                <action id="-10" name="Set value" sid="8816793791526132" type="Transition">
                    <param id="0" name="Instance variable">state</param>
                    <param id="1" name="Value">function.Param(0)</param>
                </action>
            </actions>
        </event-block>
        <event-block sid="916130521565218">
            <conditions>
                <condition id="-7" name="Compare instance variable" sid="6399587645931752" type="Transition">
                    <param id="0" name="Instance variable">state</param>
                    <param id="1" name="Comparison">0</param>
                    <param id="2" name="Value">&quot;in&quot;</param>
                </condition>
            </conditions>
            <actions>
                <action id="-16" name="Set opacity" sid="40146509557075" type="Transition">
                    <param id="0" name="Opacity">self.Opacity - 240 * Controller_Rooms.dt</param>
                </action>
            </actions>
            <sub-events>
                <event-block sid="3359473125896112">
                    <conditions>
                        <condition id="-4" name="Trigger once while true" sid="3832151610413585" type="System" />
                    </conditions>
                    <actions>
                        <action id="-16" name="Set opacity" sid="9758099632988758" type="Transition">
                            <param id="0" name="Opacity">100</param>
                        </action>
                    </actions>
                </event-block>
                <event-block sid="3301795038843264">
                    <conditions>
                        <condition id="-10" name="Compare opacity" sid="7526493408352408" type="Transition">
                            <param id="0" name="Comparison">3</param>
                            <param id="1" name="Opacity">0</param>
                        </condition>
                    </conditions>
                    <actions>
                        <action id="-16" name="Set opacity" sid="2353728846417522" type="Transition">
                            <param id="0" name="Opacity">0</param>
                        </action>
                    </actions>
                </event-block>
            </sub-events>
        </event-block>
        <event-block sid="6649378133621275">
            <conditions>
                <condition id="-7" name="Compare instance variable" sid="3710543874692334" type="Transition">
                    <param id="0" name="Instance variable">state</param>
                    <param id="1" name="Comparison">0</param>
                    <param id="2" name="Value">&quot;out&quot;</param>
                </condition>
            </conditions>
            <actions>
                <action id="-16" name="Set opacity" sid="8463893172545831" type="Transition">
                    <param id="0" name="Opacity">self.Opacity + 240 * Controller_Rooms.dt</param>
                </action>
            </actions>
            <sub-events>
                <event-block sid="6896165638374107">
                    <conditions>
                        <condition id="-4" name="Trigger once while true" sid="1014057398012958" type="System" />
                    </conditions>
                    <actions>
                        <action id="-16" name="Set opacity" sid="8330904454905808" type="Transition">
                            <param id="0" name="Opacity">0</param>
                        </action>
                    </actions>
                </event-block>
                <event-block sid="7103705308681516">
                    <conditions>
                        <condition id="-10" name="Compare opacity" sid="1457527919253715" type="Transition">
                            <param id="0" name="Comparison">5</param>
                            <param id="1" name="Opacity">100</param>
                        </condition>
                    </conditions>
                    <actions>
                        <action id="-16" name="Set opacity" sid="3707954837455949" type="Transition">
                            <param id="0" name="Opacity">100</param>
                        </action>
                    </actions>
                </event-block>
            </sub-events>
        </event-block>
    </events>
</c2eventsheet>
