﻿<?xml version="1.0" encoding="utf-8" ?>
<c2eventsheet>
    <!--All the 'name' attributes are ignored by Construct 2 - they are there for readability only.-->
    <name>eMenus</name>
    <events>
        <comment>Compare a Controller_Menu with the CURRENT_MENU global var to pick it.</comment>
        <event-block sid="1610198178707739">
            <conditions>
                <condition id="-7" name="Compare instance variable" sid="6137179902348728" type="Controller_Menu">
                    <param id="0" name="Instance variable">Type</param>
                    <param id="1" name="Comparison">0</param>
                    <param id="2" name="Value">CURRENT_MENU</param>
                </condition>
            </conditions>
            <actions />
            <sub-events>
                <comment>Move down the menu, looping around if exceeding ID_Max</comment>
                <event-block sid="527042066043295">
                    <conditions>
                        <condition id="0" name="On key pressed" sid="1215832672383057" type="Keyboard">
                            <param id="0" name="Key">40 (Down arrow)</param>
                        </condition>
                    </conditions>
                    <actions />
                    <sub-events>
                        <event-block sid="397753916565398">
                            <conditions>
                                <condition id="-7" name="Compare instance variable" sid="1431028232944947" type="Controller_Menu">
                                    <param id="0" name="Instance variable">ID</param>
                                    <param id="1" name="Comparison">2</param>
                                    <param id="2" name="Value">Self.ID_Max</param>
                                </condition>
                            </conditions>
                            <actions>
                                <action id="-11" name="Add to" sid="58394073002084" type="Controller_Menu">
                                    <param id="0" name="Instance variable">ID</param>
                                    <param id="1" name="Value">1</param>
                                </action>
                            </actions>
                        </event-block>
                        <event-block sid="5805909879631558">
                            <conditions>
                                <condition id="-22" name="Else" sid="1747562448474882" type="System" />
                            </conditions>
                            <actions>
                                <action id="-10" name="Set value" sid="2211094460078779" type="Controller_Menu">
                                    <param id="0" name="Instance variable">ID</param>
                                    <param id="1" name="Value">0</param>
                                </action>
                            </actions>
                        </event-block>
                    </sub-events>
                </event-block>
                <comment>Move up the menu, looping around if exceeding 0</comment>
                <event-block sid="1908011949098457">
                    <conditions>
                        <condition id="0" name="On key pressed" sid="1199207301768454" type="Keyboard">
                            <param id="0" name="Key">38 (Up arrow)</param>
                        </condition>
                    </conditions>
                    <actions />
                    <sub-events>
                        <event-block sid="2540150369672405">
                            <conditions>
                                <condition id="-7" name="Compare instance variable" sid="8492891503486891" type="Controller_Menu">
                                    <param id="0" name="Instance variable">ID</param>
                                    <param id="1" name="Comparison">4</param>
                                    <param id="2" name="Value">0</param>
                                </condition>
                            </conditions>
                            <actions>
                                <action id="-12" name="Subtract from" sid="7482994395804958" type="Controller_Menu">
                                    <param id="0" name="Instance variable">ID</param>
                                    <param id="1" name="Value">1</param>
                                </action>
                            </actions>
                        </event-block>
                        <event-block sid="6749679115849332">
                            <conditions>
                                <condition id="-22" name="Else" sid="6346795421256269" type="System" />
                            </conditions>
                            <actions>
                                <action id="-10" name="Set value" sid="7112599390253531" type="Controller_Menu">
                                    <param id="0" name="Instance variable">ID</param>
                                    <param id="1" name="Value">Self.ID_Max</param>
                                </action>
                            </actions>
                        </event-block>
                    </sub-events>
                </event-block>
                <comment>Select</comment>
                <event-block sid="5701677515312969">
                    <conditions>
                        <condition id="0" name="On key pressed" sid="6683005240625062" type="Keyboard">
                            <param id="0" name="Key">90 (Z)</param>
                        </condition>
                        <condition id="-8" inverted="1" name="Is boolean instance variable set" sid="1995911689177887" type="Controller_Menu">
                            <param id="0" name="Instance variable">MenuLock</param>
                        </condition>
                    </conditions>
                    <actions>
                        <action id="0" name="Call function" sid="916038961379687" type="Function">
                            <param id="0" name="Name">&quot;Menu_Select&quot;</param>
                            <param id="1" name="Parameter {n}">Controller_Menu.Type{###}Controller_Menu.ID</param>
                        </action>
                    </actions>
                </event-block>
                <comment>Highlight selected text</comment>
                <event-block sid="3529793574923549">
                    <conditions>
                        <condition id="-7" name="Compare instance variable" sid="3901657643292102" type="SpriteFonts">
                            <param id="0" name="Instance variable">category</param>
                            <param id="1" name="Comparison">0</param>
                            <param id="2" name="Value">&quot;Menu&quot;</param>
                        </condition>
                        <condition id="-7" name="Compare instance variable" sid="1285410400841437" type="SpriteFonts">
                            <param id="0" name="Instance variable">type</param>
                            <param id="1" name="Comparison">0</param>
                            <param id="2" name="Value">Controller_Menu.Type</param>
                        </condition>
                    </conditions>
                    <actions />
                    <sub-events>
                        <event-block sid="9954375949626232">
                            <conditions>
                                <condition id="-7" name="Compare instance variable" sid="9252037693901928" type="SpriteFonts">
                                    <param id="0" name="Instance variable">Menu_ID</param>
                                    <param id="1" name="Comparison">0</param>
                                    <param id="2" name="Value">Controller_Menu.ID</param>
                                </condition>
                            </conditions>
                            <actions>
                                <action id="-28" name="Set effect parameter" sid="4993241681770306" type="SpriteFonts">
                                    <param id="0" name="Effect">&quot;Brightness&quot;</param>
                                    <param id="1" name="Parameter index">0</param>
                                    <param id="2" name="Value">100</param>
                                </action>
                            </actions>
                        </event-block>
                        <event-block sid="3218024005734101">
                            <conditions>
                                <condition id="-7" name="Compare instance variable" sid="1299635430831855" type="SpriteFonts">
                                    <param id="0" name="Instance variable">Menu_ID</param>
                                    <param id="1" name="Comparison">1</param>
                                    <param id="2" name="Value">Controller_Menu.ID</param>
                                </condition>
                            </conditions>
                            <actions>
                                <action id="-28" name="Set effect parameter" sid="8353205244090255" type="SpriteFonts">
                                    <param id="0" name="Effect">&quot;Brightness&quot;</param>
                                    <param id="1" name="Parameter index">0</param>
                                    <param id="2" name="Value">50</param>
                                </action>
                            </actions>
                        </event-block>
                    </sub-events>
                </event-block>
            </sub-events>
        </event-block>
    </events>
</c2eventsheet>
