﻿<?xml version="1.0" encoding="utf-8" ?>
<c2eventsheet>
    <!--All the 'name' attributes are ignored by Construct 2 - they are there for readability only.-->
    <name>eGlobalVariables</name>
    <events>
        <variable comment="Window width (without borders)" constant="1" name="RES_WIDTH" sid="7829576507347488" static="0" type="number">240</variable>
        <variable comment="Window height (without borders)" constant="1" name="RES_HEIGHT" sid="7303206222535135" static="0" type="number">160</variable>
        <variable comment="Is the subscreen open?" constant="0" name="PAUSE" sid="4787752842663792" static="0" type="number">0</variable>
        <variable comment="This prevents you from opening the subscreen during room transitions, item collect sequences, etc." constant="0" name="PAUSE_LOCK" sid="2094066617596604" static="0" type="number">0</variable>
        <variable comment="This is to see if you&apos;ve started a new game or loaded one." constant="0" name="LOADGAME" sid="8955686818222413" static="0" type="number">0</variable>
        <variable comment="This is to pick which Controller_Menu to use." constant="0" name="CURRENT_MENU" sid="7431522785248608" static="0" type="text">TitleScreen</variable>
        <variable comment="The current cutscene." constant="0" name="Cutscene" sid="8071753348008953" static="0" type="text"></variable>
        <variable comment="This is to see if you&apos;ve enabled SaveData_Max and destroys all items." constant="0" name="SaveData_Max" sid="3817277313077556" static="0" type="number">0</variable>
    </events>
</c2eventsheet>
