﻿<?xml version="1.0" encoding="utf-8" ?>
<c2eventsheet>
    <!--All the 'name' attributes are ignored by Construct 2 - they are there for readability only.-->
    <name>eMiniMap</name>
    <events>
        <comment>The placement_x/y variables are set to retain the MiniMap_Room positions later on. See Event 3.</comment>
        <comment>The MiniMap_Room objects are moved to the HUD layer so you only see the parts that are on top of MiniMap_Backing. This is because they use the &quot;source atop&quot; blend mode, which only draws the part of an object that&apos;s on top of another object in the same layer. For this to work, the HUD layer&apos;s &quot;force own texture&quot; property must be enabled. Try disabling it to see what I mean!</comment>
        <event-block sid="1311402096609507">
            <conditions>
                <condition id="-2" name="On start of layout" sid="20972258557387" type="System" />
            </conditions>
            <actions>
                <action id="-10" name="Set value" sid="1496871647880725" type="MiniMap_Room">
                    <param id="0" name="Instance variable">placement_x</param>
                    <param id="1" name="Value">self.X</param>
                </action>
                <action id="-10" name="Set value" sid="9240409559376176" type="MiniMap_Room">
                    <param id="0" name="Instance variable">placement_y</param>
                    <param id="1" name="Value">self.Y</param>
                </action>
                <action id="-26" name="Move to layer" sid="2092922567825443" type="MiniMap_Room">
                    <param id="0" name="Layer">&quot;HUD&quot;</param>
                </action>
                <action id="-27" name="Set effect enabled" sid="1425378914383458" type="MiniMap_Room">
                    <param id="0" name="Mode">0</param>
                    <param id="1" name="Effect">&quot;ReplaceColor&quot;</param>
                </action>
                <action id="-26" name="Move to layer" sid="8668452324976233" type="MiniMap_Cursor">
                    <param id="0" name="Layer">&quot;HUD&quot;</param>
                </action>
                <action id="-24" name="Move to top" sid="7595030396565223" type="MiniMap_Cursor" />
                <action id="-14" name="Set object time scale" sid="6718389282237128" type="System">
                    <param id="0" name="Object">MiniMap_Cursor</param>
                    <param id="1" name="Time scale">1</param>
                </action>
            </actions>
        </event-block>
        <comment>This is what moves the minimap around based on the camera&apos;s position. It&apos;s simpler than it looks! Here&apos;s a rundown:&#x0D;&#x0A;&#x0D;&#x0A;&gt;MiniMap_Room objects are all positioned to MiniMap_Cursor&#x0D;&#x0A;&gt;MiniMap_Room.placement_x / y are added to put them back to their original positions, but relative to MiniMap_Cursor&#x0D;&#x0A;&gt;The position of MiniMap_Orientation is subtracted***&#x0D;&#x0A;&gt;Scroll X/Y are added but then divided by 30 horizontally and 20 vertically to account for the size difference of the minimap and the real map, and the fact that 1 real game room is a rectangle but the map tiles are square. (240 / 30 = 8  ..... 160 / 20 = 8)&#x0D;&#x0A;&gt;Their positions are rounded to the nearest MiniMap_Room size (8 in this case) for the &apos;snap&apos; movement.&#x0D;&#x0A;&gt;Finally all of this is multiplied by -1 so that when you move right the minimap moves left and so on.&#x0D;&#x0A;&#x0D;&#x0A;***MiniMap_Orientation is basically an offset for the whole minimap, and is what allows you to place the MiniMap_Room objects anywhere in the layout instead of where they should be relative to the rooms they represent. Place it where 0,0 would be in the area layout it represents. Note: If you want to use multiple mini-maps instead of one giant one, you can use multiple MiniMap_Orientation objects and pick which one to focus on based on the area you&apos;re in.</comment>
        <event-block sid="4749566649606192">
            <conditions>
                <condition id="-1" name="Every tick" sid="7807219873079843" type="System" />
            </conditions>
            <actions>
                <action id="-3" name="Set position" sid="2718105258169537" type="MiniMap_Room">
                    <param id="0" name="X">MiniMap_Cursor.X + Self.placement_x - MiniMap_Orientation.X + (int((scrollx/30)/8)*8) * -1</param>
                    <param id="1" name="Y">MiniMap_Cursor.Y + Self.placement_y - MiniMap_Orientation.Y + (int((scrolly/20)/8)*8) * - 1</param>
                </action>
            </actions>
        </event-block>
        <comment>This reveals minimap rooms you visit. Visited rooms are turned blue via the &quot;ReplaceColor&quot; effect. The frame check for MiniMap_Cursor is just to prevent a bug with revealing minimap rooms before they&apos;ve been positioned.</comment>
        <event-block sid="8225391301821444">
            <conditions>
                <condition id="-14" name="Compare variable" sid="6198822981790486" type="System">
                    <param id="0" name="Variable">PAUSE</param>
                    <param id="1" name="Comparison">0</param>
                    <param id="2" name="Value">0</param>
                </condition>
                <condition id="1" name="Is overlapping another object" sid="8571166377756614" type="MiniMap_Room">
                    <param id="0" name="Object">MiniMap_Cursor</param>
                </condition>
                <condition id="-8" inverted="1" name="Is boolean instance variable set" sid="8175369428113794" type="MiniMap_Room">
                    <param id="0" name="Instance variable">visited</param>
                </condition>
                <condition id="3" name="Compare frame" sid="9077886911290915" type="MiniMap_Cursor">
                    <param id="0" name="Comparison">1</param>
                    <param id="1" name="Number">0</param>
                </condition>
            </conditions>
            <actions>
                <action id="-27" name="Set effect enabled" sid="4994715724443447" type="MiniMap_Room">
                    <param id="0" name="Mode">1</param>
                    <param id="1" name="Effect">&quot;ReplaceColor&quot;</param>
                </action>
                <action id="-15" name="Set visible" sid="2409879988014014" type="MiniMap_Room">
                    <param id="0" name="Visibility">1</param>
                </action>
                <action id="-13" name="Set boolean" sid="1447186209574739" type="MiniMap_Room">
                    <param id="0" name="Instance variable">visited</param>
                    <param id="1" name="Value">1</param>
                </action>
                <action id="-13" name="Set boolean" sid="8297755117126891" type="MiniMap_Room">
                    <param id="0" name="Instance variable">revealed</param>
                    <param id="1" name="Value">1</param>
                </action>
            </actions>
        </event-block>
        <comment>Destroy MiniMap_Room objects that are outside of the grid.</comment>
        <event-block sid="4019849509333841">
            <conditions>
                <condition id="-18" name="On created" sid="9296327831384547" type="MiniMap_Room" />
                <condition id="1" inverted="1" name="Is overlapping another object" sid="6191691256222204" type="MiniMap_Room">
                    <param id="0" name="Object">MiniMap_Grid</param>
                </condition>
            </conditions>
            <actions>
                <action id="-9" name="Destroy" sid="7847584653665265" type="MiniMap_Room" />
            </actions>
        </event-block>
        <comment>Reveal map (item)</comment>
        <event-block sid="5221434435120517">
            <conditions>
                <condition id="0" name="Compare value" sid="5828871754506959" type="Data_Items">
                    <param id="0" name="Key">&quot;Map&quot;</param>
                    <param id="1" name="Comparison">0</param>
                    <param id="2" name="Value">1</param>
                </condition>
                <condition id="-4" name="Trigger once while true" sid="6485346217083185" type="System" />
            </conditions>
            <actions />
            <sub-events>
                <event-block sid="1218948306456152">
                    <conditions>
                        <condition id="-8" inverted="1" name="Is boolean instance variable set" sid="3699003729546731" type="MiniMap_Room">
                            <param id="0" name="Instance variable">secret</param>
                        </condition>
                    </conditions>
                    <actions>
                        <action id="-15" name="Set visible" sid="6127419872728836" type="MiniMap_Room">
                            <param id="0" name="Visibility">1</param>
                        </action>
                        <action id="-13" name="Set boolean" sid="1090559420866189" type="MiniMap_Room">
                            <param id="0" name="Instance variable">revealed</param>
                            <param id="1" name="Value">1</param>
                        </action>
                    </actions>
                </event-block>
            </sub-events>
        </event-block>
    </events>
</c2eventsheet>
