﻿<?xml version="1.0" encoding="utf-8" ?>
<c2eventsheet>
    <!--All the 'name' attributes are ignored by Construct 2 - they are there for readability only.-->
    <name>ending</name>
    <events>
        <event-group description="" sid="465579028250253" title="Ending Cutscene2">
            <sub-events>
                <comment>Initiate</comment>
                <comment>Sequence</comment>
                <event-block sid="804160146283172">
                    <conditions>
                        <condition id="-2" name="On start of layout" sid="815068191009317" type="System" />
                    </conditions>
                    <actions>
                        <action id="-3" name="Create object" sid="687967114018857" type="System">
                            <param id="0" name="Object to create">SpriteFont</param>
                            <param id="1" name="Layer">&quot;f&quot;</param>
                            <param id="2" name="X">ViewportLeft(&quot;f&quot;) + RES_WIDTH / 2</param>
                            <param id="3" name="Y">ViewportTop(&quot;f&quot;) + (RES_HEIGHT / 2)</param>
                        </action>
                        <action id="-5" name="Set width" sid="215248018279337" type="SpriteFont">
                            <param id="0" name="Width">RES_WIDTH</param>
                        </action>
                        <action id="-6" name="Set height" sid="593405525860998" type="SpriteFont">
                            <param id="0" name="Height">RES_HEIGHT</param>
                        </action>
                        <action id="0" name="Set text" sid="510567661249082" type="SpriteFont">
                            <param id="0" name="Text">&quot;YOUR RATE&quot; &amp;newline&amp; &quot;FOR COLLECTING ITEMS IS&quot; &amp;newline&amp; function.Call(&quot;ItemRate&quot;)</param>
                        </action>
                        <action id="0" name="Play" sid="435148119826302" type="Audio">
                            <param id="0" name="Audio file">05_Come_and_Find_Me</param>
                            <param id="2" name="Loop">0</param>
                            <param id="3" name="Volume">0</param>
                            <param id="1" name="Tag (optional)">&quot;e&quot;</param>
                        </action>
                        <action id="-16" name="Wait" sid="754977787384034" type="System">
                            <param id="0" name="Seconds">10</param>
                        </action>
                        <action id="-2" name="Go to layout" sid="455321759659135" type="System">
                            <param id="0" name="Layout">TitleScreen</param>
                        </action>
                    </actions>
                </event-block>
                <comment>Item collection percentage</comment>
                <variable constant="0" name="CollectedItems" sid="706441929019089" static="1" type="number">0</variable>
                <event-block sid="862034089666361">
                    <conditions>
                        <condition id="0" name="On function" sid="253510647433717" type="Function">
                            <param id="0" name="Name">&quot;ItemRate&quot;</param>
                        </condition>
                    </conditions>
                    <actions />
                    <sub-events>
                        <event-block sid="256059080319243">
                            <conditions>
                                <condition id="1" name="For each key" sid="135860756456797" type="Data_Items" />
                            </conditions>
                            <actions>
                                <action id="-10" name="Add to" sid="157814241317405" type="System">
                                    <param id="0" name="Variable">CollectedItems</param>
                                    <param id="1" name="Value">Data_Items.CurrentValue</param>
                                </action>
                            </actions>
                        </event-block>
                        <event-block sid="162840538213245">
                            <conditions />
                            <actions>
                                <action id="1" name="Set return value" sid="847131251134985" type="Function">
                                    <param id="0" name="Value">int((CollectedItems / 9) * 100) &amp; &quot;%&quot;</param>
                                </action>
                            </actions>
                        </event-block>
                    </sub-events>
                </event-block>
            </sub-events>
        </event-group>
        <event-block sid="548505101453635">
            <conditions>
                <condition id="-3" name="On end of layout" sid="295244734423535" type="System" />
            </conditions>
            <actions>
                <action id="6" name="Stop" sid="867948078184428" type="Audio">
                    <param id="0" name="Tag">&quot;e&quot;</param>
                </action>
            </actions>
        </event-block>
    </events>
</c2eventsheet>
