﻿<?xml version="1.0" encoding="utf-8" ?>
<c2eventsheet>
    <!--All the 'name' attributes are ignored by Construct 2 - they are there for readability only.-->
    <name>ePlayer</name>
    <events>
        <variable constant="0" name="Dash_Time" sid="143443395660917" static="0" type="number">3</variable>
        <variable constant="0" name="Dash_Run" sid="691361167134590" static="0" type="number">250</variable>
        <variable constant="0" name="Run_speed" sid="665271807319868" static="0" type="number">100</variable>
        <event-group description="" sid="3149015300717432" title="Player Passive">
            <sub-events>
                <comment>Position mask to base</comment>
                <event-block sid="9086860954575914">
                    <conditions>
                        <condition id="-1" name="Every tick" sid="9045248757455156" type="System" />
                    </conditions>
                    <actions>
                        <action id="-3" name="Set position" sid="661886492463675" type="Player_Mask">
                            <param id="0" name="X">Player_Base.X</param>
                            <param id="1" name="Y">Player_Base.Y</param>
                        </action>
                    </actions>
                </event-block>
                <comment>Disable color replace shader by default</comment>
                <event-block sid="6070038221590543">
                    <conditions>
                        <condition id="-18" name="On created" sid="8294267614569347" type="Player_Mask" />
                    </conditions>
                    <actions>
                        <action id="-27" name="Set effect enabled" sid="4448272824427069" type="Player_Mask">
                            <param id="0" name="Mode">0</param>
                            <param id="1" name="Effect">&quot;ReplaceColor&quot;</param>
                        </action>
                        <action id="-27" name="Set effect enabled" sid="484946928054555" type="Player_Mask">
                            <param id="0" name="Mode">0</param>
                            <param id="1" name="Effect">&quot;ReplaceColor2&quot;</param>
                        </action>
                        <action id="-27" name="Set effect enabled" sid="6435643385789699" type="Player_Mask">
                            <param id="0" name="Mode">0</param>
                            <param id="1" name="Effect">&quot;ReplaceColor3&quot;</param>
                        </action>
                    </actions>
                </event-block>
                <comment>Enable color replace shader if you have the Heat Suit</comment>
                <event-block sid="7752063882367363">
                    <conditions>
                        <condition id="0" name="Compare value" sid="4936213041064512" type="Data_Items">
                            <param id="0" name="Key">&quot;HeatSuit&quot;</param>
                            <param id="1" name="Comparison">0</param>
                            <param id="2" name="Value">1</param>
                        </condition>
                        <condition id="-4" name="Trigger once while true" sid="8903040037730409" type="System" />
                    </conditions>
                    <actions>
                        <action id="-27" name="Set effect enabled" sid="2003073809012412" type="Player_Mask">
                            <param id="0" name="Mode">1</param>
                            <param id="1" name="Effect">&quot;ReplaceColor&quot;</param>
                        </action>
                        <action id="-27" name="Set effect enabled" sid="4732276023080538" type="Player_Mask">
                            <param id="0" name="Mode">1</param>
                            <param id="1" name="Effect">&quot;ReplaceColor2&quot;</param>
                        </action>
                        <action id="-27" name="Set effect enabled" sid="196396347477449" type="Player_Mask">
                            <param id="0" name="Mode">1</param>
                            <param id="1" name="Effect">&quot;ReplaceColor3&quot;</param>
                        </action>
                    </actions>
                </event-block>
            </sub-events>
        </event-group>
        <event-group description="" inactive="1" sid="5514370242521845" title="Player Engine">
            <sub-events>
                <event-group description="I prefer to use functions here so I can control the player by other means than keyboard input, like a timeline trigger during a cutscene." sid="9575955530483858" title="Player Input">
                    <sub-events>
                        <comment>Move Right</comment>
                        <event-block sid="2366700813290912">
                            <conditions>
                                <condition id="2" name="Key is down" sid="3253681373361574" type="Keyboard">
                                    <param id="0" name="Key">39 (Right arrow)</param>
                                </condition>
                                <condition id="2" inverted="1" name="Key is down" sid="1420297291636972" type="Keyboard">
                                    <param id="0" name="Key">37 (Left arrow)</param>
                                </condition>
                            </conditions>
                            <actions>
                                <action id="0" name="Call function" sid="4483136785884307" type="Function">
                                    <param id="0" name="Name">&quot;Player_Move&quot;</param>
                                    <param id="1" name="Parameter {n}">&quot;right&quot;</param>
                                </action>
                            </actions>
                            <sub-events>
                                <comment>Turn Right</comment>
                                <event-block sid="5381114161206372">
                                    <conditions>
                                        <condition id="-7" name="Compare instance variable" sid="8772324394092351" type="Player_Mask">
                                            <param id="0" name="Instance variable">direction</param>
                                            <param id="1" name="Comparison">0</param>
                                            <param id="2" name="Value">&quot;left&quot;</param>
                                        </condition>
                                        <condition id="-4" name="Trigger once while true" sid="3987051433891044" type="System" />
                                    </conditions>
                                    <actions>
                                        <action id="0" name="Call function" sid="8705683956635284" type="Function">
                                            <param id="0" name="Name">&quot;Player_Turn&quot;</param>
                                            <param id="1" name="Parameter {n}">&quot;right&quot;</param>
                                        </action>
                                    </actions>
                                </event-block>
                            </sub-events>
                        </event-block>
                        <comment>Move Left</comment>
                        <event-block sid="583559750737454">
                            <conditions>
                                <condition id="2" name="Key is down" sid="4115416404428776" type="Keyboard">
                                    <param id="0" name="Key">37 (Left arrow)</param>
                                </condition>
                                <condition id="2" inverted="1" name="Key is down" sid="3803467861903791" type="Keyboard">
                                    <param id="0" name="Key">39 (Right arrow)</param>
                                </condition>
                            </conditions>
                            <actions>
                                <action id="0" name="Call function" sid="1761517876117788" type="Function">
                                    <param id="0" name="Name">&quot;Player_Move&quot;</param>
                                    <param id="1" name="Parameter {n}">&quot;left&quot;</param>
                                </action>
                            </actions>
                            <sub-events>
                                <comment>Turn Left</comment>
                                <event-block sid="2697070620470118">
                                    <conditions>
                                        <condition id="-7" name="Compare instance variable" sid="2269511769800529" type="Player_Mask">
                                            <param id="0" name="Instance variable">direction</param>
                                            <param id="1" name="Comparison">0</param>
                                            <param id="2" name="Value">&quot;right&quot;</param>
                                        </condition>
                                        <condition id="-4" name="Trigger once while true" sid="6002699442790593" type="System" />
                                    </conditions>
                                    <actions>
                                        <action id="0" name="Call function" sid="5126964047015556" type="Function">
                                            <param id="0" name="Name">&quot;Player_Turn&quot;</param>
                                            <param id="1" name="Parameter {n}">&quot;left&quot;</param>
                                        </action>
                                    </actions>
                                </event-block>
                            </sub-events>
                        </event-block>
                        <comment>Jump</comment>
                        <event-block sid="6536154669247294">
                            <conditions>
                                <condition id="0" name="On key pressed" sid="9798246499600158" type="Keyboard">
                                    <param id="0" name="Key">38 (Up arrow)</param>
                                </condition>
                                <condition behavior="Platform" id="2" name="Is on floor" sid="997932970744046" type="Player_Base" />
                            </conditions>
                            <actions>
                                <action id="0" name="Call function" sid="1366697988837814" type="Function">
                                    <param id="0" name="Name">&quot;Player_Jump&quot;</param>
                                    <param id="1" name="Parameter {n}"></param>
                                </action>
                            </actions>
                        </event-block>
                        <comment>Stop Jump (Allows variable jump height) The bouncing boolean prevents this from working in case the player jumps on a spring or something.</comment>
                        <event-block sid="6998170230886415">
                            <conditions>
                                <condition behavior="Platform" id="3" name="Is jumping" sid="5557360154788189" type="Player_Base" />
                                <condition id="-8" inverted="1" name="Is boolean instance variable set" sid="6971776486099619" type="Player_Mask">
                                    <param id="0" name="Instance variable">bouncing</param>
                                </condition>
                                <condition id="2" inverted="1" name="Key is down" sid="3963040879271547" type="Keyboard">
                                    <param id="0" name="Key">38 (Up arrow)</param>
                                </condition>
                            </conditions>
                            <actions>
                                <action id="0" name="Call function" sid="8999158379861535" type="Function">
                                    <param id="0" name="Name">&quot;Player_StopJump&quot;</param>
                                    <param id="1" name="Parameter {n}"></param>
                                </action>
                            </actions>
                        </event-block>
                        <comment>Shoot</comment>
                        <event-block sid="9261652625984115">
                            <conditions>
                                <condition id="0" name="On key pressed" sid="8570312534900059" type="Keyboard">
                                    <param id="0" name="Key">32 (Space)</param>
                                </condition>
                            </conditions>
                            <actions>
                                <action id="0" name="Call function" sid="1032939833291126" type="Function">
                                    <param id="0" name="Name">&quot;Player_Shoot&quot;</param>
                                    <param id="1" name="Parameter {n}">&quot;Beam&quot;</param>
                                </action>
                            </actions>
                        </event-block>
                        <event-block sid="2102937654686278">
                            <conditions>
                                <condition id="0" name="On key pressed" sid="5206067315828175" type="Keyboard">
                                    <param id="0" name="Key">67 (C)</param>
                                </condition>
                            </conditions>
                            <actions>
                                <action id="0" name="Call function" sid="8455646471818814" type="Function">
                                    <param id="0" name="Name">&quot;Player_Shoot&quot;</param>
                                    <param id="1" name="Parameter {n}">&quot;Missile&quot;</param>
                                </action>
                            </actions>
                        </event-block>
                        <comment>Aim</comment>
                        <event-block sid="9155980508639966">
                            <conditions>
                                <condition id="2" name="Key is down" sid="193961950518475" type="Keyboard">
                                    <param id="0" name="Key">40 (Down arrow)</param>
                                </condition>
                                <condition id="2" inverted="1" name="Key is down" sid="1124024945310704" type="Keyboard">
                                    <param id="0" name="Key">38 (Up arrow)</param>
                                </condition>
                                <condition behavior="Platform" id="2" inverted="1" name="Is on floor" sid="3012510717296488" type="Player_Base" />
                            </conditions>
                            <actions>
                                <action id="0" name="Call function" sid="9634510190105043" type="Function">
                                    <param id="0" name="Name">&quot;Player_Aim&quot;</param>
                                    <param id="1" name="Parameter {n}">&quot;Down&quot;</param>
                                </action>
                            </actions>
                        </event-block>
                        <event-block sid="7257052566843636">
                            <conditions>
                                <condition id="2" inverted="1" name="Key is down" sid="3359022363641679" type="Keyboard">
                                    <param id="0" name="Key">40 (Down arrow)</param>
                                </condition>
                                <condition id="2" inverted="1" name="Key is down" sid="692820051693508" type="Keyboard">
                                    <param id="0" name="Key">38 (Up arrow)</param>
                                </condition>
                            </conditions>
                            <actions>
                                <action id="0" name="Call function" sid="8020421151104887" type="Function">
                                    <param id="0" name="Name">&quot;Player_Aim&quot;</param>
                                    <param id="1" name="Parameter {n}">&quot;Normal&quot;</param>
                                </action>
                            </actions>
                        </event-block>
                        <event-block sid="5811366882574292">
                            <conditions>
                                <condition id="-7" name="Compare instance variable" sid="2338248238258266" type="Player_Mask">
                                    <param id="0" name="Instance variable">aimDirection</param>
                                    <param id="1" name="Comparison">0</param>
                                    <param id="2" name="Value">&quot;Down&quot;</param>
                                </condition>
                                <condition behavior="Platform" id="2" name="Is on floor" sid="8165944174786276" type="Player_Base" />
                            </conditions>
                            <actions>
                                <action id="0" name="Call function" sid="892967551623686" type="Function">
                                    <param id="0" name="Name">&quot;Player_Aim&quot;</param>
                                    <param id="1" name="Parameter {n}">&quot;Normal&quot;</param>
                                </action>
                            </actions>
                        </event-block>
                    </sub-events>
                </event-group>
                <event-block sid="511035877954462">
                    <conditions>
                        <condition id="0" name="On key pressed" sid="233495295372691" type="Keyboard">
                            <param id="0" name="Key">86 (V)</param>
                        </condition>
                        <condition behavior="Platform" id="2" name="Is on floor" sid="290628847675270" type="Player_Base" />
                    </conditions>
                    <actions>
                        <action id="4" name="Set animation" sid="191605488267444" type="Player_Mask">
                            <param id="0" name="Animation">&quot;m&quot;</param>
                            <param id="1" name="From">1</param>
                        </action>
                        <action id="-16" name="Wait" sid="410382026673997" type="System">
                            <param id="0" name="Seconds">0.5</param>
                        </action>
                        <action id="4" name="Set animation" sid="608108511357032" type="Player_Mask">
                            <param id="0" name="Animation">&quot;Idle_Normal&quot;</param>
                            <param id="1" name="From">1</param>
                        </action>
                    </actions>
                </event-block>
                <event-group description="" sid="5119059282348816" title="Player Mechanics">
                    <sub-events>
                        <comment>Move</comment>
                        <event-block sid="6691261265358551">
                            <conditions>
                                <condition id="0" name="On function" sid="9267418154711383" type="Function">
                                    <param id="0" name="Name">&quot;Player_Move&quot;</param>
                                </condition>
                            </conditions>
                            <actions />
                            <sub-events>
                                <event-block sid="1931956069420449">
                                    <conditions>
                                        <condition id="1" name="Compare parameter" sid="806279083024266" type="Function">
                                            <param id="0" name="Index">0</param>
                                            <param id="1" name="Comparison">0</param>
                                            <param id="2" name="Value">&quot;right&quot;</param>
                                        </condition>
                                        <condition behavior="Platform" id="10" inverted="1" name="Is by wall" sid="1106999517322564" type="Player_Base">
                                            <param id="0" name="Side">1</param>
                                        </condition>
                                    </conditions>
                                    <actions>
                                        <action behavior="Platform" id="7" name="Simulate control" sid="4051968811098925" type="Player_Base">
                                            <param id="0" name="Control">1</param>
                                        </action>
                                    </actions>
                                </event-block>
                                <event-block sid="8020713577284332">
                                    <conditions>
                                        <condition id="1" name="Compare parameter" sid="6534245510568305" type="Function">
                                            <param id="0" name="Index">0</param>
                                            <param id="1" name="Comparison">0</param>
                                            <param id="2" name="Value">&quot;left&quot;</param>
                                        </condition>
                                        <condition behavior="Platform" id="10" inverted="1" name="Is by wall" sid="8298284518114536" type="Player_Base">
                                            <param id="0" name="Side">0</param>
                                        </condition>
                                    </conditions>
                                    <actions>
                                        <action behavior="Platform" id="7" name="Simulate control" sid="7648941422659687" type="Player_Base">
                                            <param id="0" name="Control">0</param>
                                        </action>
                                    </actions>
                                </event-block>
                            </sub-events>
                        </event-block>
                        <comment>Turn</comment>
                        <event-block sid="856057870688971">
                            <conditions>
                                <condition id="0" name="On function" sid="1141980249510902" type="Function">
                                    <param id="0" name="Name">&quot;Player_Turn&quot;</param>
                                </condition>
                            </conditions>
                            <actions>
                                <action id="-10" name="Set value" sid="9622187374577895" type="Player_Mask">
                                    <param id="0" name="Instance variable">direction</param>
                                    <param id="1" name="Value">function.Param(0)</param>
                                </action>
                            </actions>
                            <sub-events>
                                <event-block sid="93530411985206">
                                    <conditions>
                                        <condition id="1" name="Compare parameter" sid="5613245044077658" type="Function">
                                            <param id="0" name="Index">0</param>
                                            <param id="1" name="Comparison">0</param>
                                            <param id="2" name="Value">&quot;right&quot;</param>
                                        </condition>
                                    </conditions>
                                    <actions>
                                        <action id="7" name="Set mirrored" sid="7943386831323942" type="Player_Mask">
                                            <param id="0" name="State">1</param>
                                        </action>
                                    </actions>
                                </event-block>
                                <event-block sid="9575130450581665">
                                    <conditions>
                                        <condition id="1" name="Compare parameter" sid="6700309352520999" type="Function">
                                            <param id="0" name="Index">0</param>
                                            <param id="1" name="Comparison">0</param>
                                            <param id="2" name="Value">&quot;left&quot;</param>
                                        </condition>
                                    </conditions>
                                    <actions>
                                        <action id="7" name="Set mirrored" sid="4218586956088517" type="Player_Mask">
                                            <param id="0" name="State">0</param>
                                        </action>
                                    </actions>
                                </event-block>
                            </sub-events>
                        </event-block>
                        <comment>Jump</comment>
                        <event-block sid="2931252532412727">
                            <conditions>
                                <condition id="0" name="On function" sid="7163630882704124" type="Function">
                                    <param id="0" name="Name">&quot;Player_Jump&quot;</param>
                                </condition>
                            </conditions>
                            <actions>
                                <action id="0" name="Play" sid="1659665094875318" type="Audio">
                                    <param id="0" name="Audio file">Player_Jump</param>
                                    <param id="2" name="Loop">0</param>
                                    <param id="3" name="Volume">0</param>
                                    <param id="1" name="Tag (optional)">&quot;&quot;</param>
                                </action>
                            </actions>
                            <sub-events>
                                <event-block sid="6567680711945727">
                                    <conditions>
                                        <condition id="0" name="Compare value" sid="8193631982782848" type="Data_Items">
                                            <param id="0" name="Key">&quot;HiJumpBoots&quot;</param>
                                            <param id="1" name="Comparison">0</param>
                                            <param id="2" name="Value">0</param>
                                        </condition>
                                    </conditions>
                                    <actions>
                                        <action behavior="Platform" id="9" name="Set vector Y" sid="7364817264765019" type="Player_Base">
                                            <param id="0" name="Vector Y">-250</param>
                                        </action>
                                    </actions>
                                </event-block>
                                <comment>SpinJump</comment>
                                <event-block sid="2040541598506997">
                                    <conditions>
                                        <condition id="-8" name="Compare two values" sid="2082079624875164" type="System">
                                            <param id="0" name="First value">Player_Base.Platform.VectorX</param>
                                            <param id="1" name="Comparison">1</param>
                                            <param id="2" name="Second value">0</param>
                                        </condition>
                                    </conditions>
                                    <actions>
                                        <action id="-13" name="Set boolean" sid="7311252893867165" type="Player_Mask">
                                            <param id="0" name="Instance variable">spinJump</param>
                                            <param id="1" name="Value">1</param>
                                        </action>
                                        <action behavior="Platform" id="3" name="Set deceleration" sid="6049728727113441" type="Player_Base">
                                            <param id="0" name="Deceleration">0</param>
                                        </action>
                                    </actions>
                                </event-block>
                            </sub-events>
                        </event-block>
                        <comment>Stop Jump</comment>
                        <event-block sid="1659280538857395">
                            <conditions>
                                <condition id="0" name="On function" sid="2463523776204042" type="Function">
                                    <param id="0" name="Name">&quot;Player_StopJump&quot;</param>
                                </condition>
                            </conditions>
                            <actions>
                                <action behavior="Platform" id="9" name="Set vector Y" sid="6518486183418991" type="Player_Base">
                                    <param id="0" name="Vector Y">Self.Platform.VectorY / 4</param>
                                </action>
                            </actions>
                        </event-block>
                        <comment>Aim</comment>
                        <event-block sid="4839629738977105">
                            <conditions>
                                <condition id="0" name="On function" sid="1277670606111966" type="Function">
                                    <param id="0" name="Name">&quot;Player_Aim&quot;</param>
                                </condition>
                            </conditions>
                            <actions>
                                <action id="-10" name="Set value" sid="181709565934639" type="Player_Mask">
                                    <param id="0" name="Instance variable">aimDirection</param>
                                    <param id="1" name="Value">function.Param(0)</param>
                                </action>
                            </actions>
                        </event-block>
                        <event-block sid="6454579059926463">
                            <conditions>
                                <condition id="-7" name="Compare instance variable" sid="7770316630092389" type="Player_Mask">
                                    <param id="0" name="Instance variable">aimDirection</param>
                                    <param id="1" name="Comparison">0</param>
                                    <param id="2" name="Value">&quot;Normal&quot;</param>
                                </condition>
                            </conditions>
                            <actions />
                            <sub-events>
                                <event-block sid="4772513024725594">
                                    <conditions>
                                        <condition id="-7" name="Compare instance variable" sid="3283199634122416" type="Player_Mask">
                                            <param id="0" name="Instance variable">direction</param>
                                            <param id="1" name="Comparison">0</param>
                                            <param id="2" name="Value">&quot;right&quot;</param>
                                        </condition>
                                    </conditions>
                                    <actions>
                                        <action id="-10" name="Set value" sid="2142776120273312" type="Player_Mask">
                                            <param id="0" name="Instance variable">shootAngle</param>
                                            <param id="1" name="Value">0</param>
                                        </action>
                                    </actions>
                                </event-block>
                                <event-block sid="9130607135756087">
                                    <conditions>
                                        <condition id="-7" name="Compare instance variable" sid="7974943562514976" type="Player_Mask">
                                            <param id="0" name="Instance variable">direction</param>
                                            <param id="1" name="Comparison">0</param>
                                            <param id="2" name="Value">&quot;left&quot;</param>
                                        </condition>
                                    </conditions>
                                    <actions>
                                        <action id="-10" name="Set value" sid="6353898203032042" type="Player_Mask">
                                            <param id="0" name="Instance variable">shootAngle</param>
                                            <param id="1" name="Value">180</param>
                                        </action>
                                    </actions>
                                </event-block>
                            </sub-events>
                        </event-block>
                        <event-block sid="1952866670182196">
                            <conditions>
                                <condition id="-7" name="Compare instance variable" sid="6139421334900179" type="Player_Mask">
                                    <param id="0" name="Instance variable">aimDirection</param>
                                    <param id="1" name="Comparison">0</param>
                                    <param id="2" name="Value">&quot;Up&quot;</param>
                                </condition>
                            </conditions>
                            <actions>
                                <action id="-10" name="Set value" sid="4882180965988939" type="Player_Mask">
                                    <param id="0" name="Instance variable">shootAngle</param>
                                    <param id="1" name="Value">270</param>
                                </action>
                            </actions>
                        </event-block>
                        <event-block sid="3453572847996121">
                            <conditions>
                                <condition id="-7" name="Compare instance variable" sid="1499780012493894" type="Player_Mask">
                                    <param id="0" name="Instance variable">aimDirection</param>
                                    <param id="1" name="Comparison">0</param>
                                    <param id="2" name="Value">&quot;Down&quot;</param>
                                </condition>
                            </conditions>
                            <actions>
                                <action id="-10" name="Set value" sid="5860238753767017" type="Player_Mask">
                                    <param id="0" name="Instance variable">shootAngle</param>
                                    <param id="1" name="Value">90</param>
                                </action>
                            </actions>
                        </event-block>
                        <comment>Shoot (Instead of shooting a bullet here, I set the Player&apos;s &quot;shoot&quot; boolean to true and have that shoot the bullet. This allows the player to exit the spin jump or other states before shooting, ensuring the bullet is created at the proper image point.) (See: Player Shoot Group)</comment>
                        <event-block sid="3253785773082395">
                            <conditions>
                                <condition id="0" name="On function" sid="3346594093479804" type="Function">
                                    <param id="0" name="Name">&quot;Player_Shoot&quot;</param>
                                </condition>
                            </conditions>
                            <actions>
                                <action id="-13" name="Set boolean" sid="4595577114982027" type="Player_Mask">
                                    <param id="0" name="Instance variable">shoot</param>
                                    <param id="1" name="Value">1</param>
                                </action>
                                <action id="-10" name="Set value" sid="9263453766022355" type="Player_Mask">
                                    <param id="0" name="Instance variable">weapon</param>
                                    <param id="1" name="Value">function.Param(0)</param>
                                </action>
                            </actions>
                            <sub-events>
                                <comment>Exit spinjump when shooting</comment>
                                <event-block sid="339429309304606">
                                    <conditions>
                                        <condition id="-8" name="Is boolean instance variable set" sid="9921787653292767" type="Player_Mask">
                                            <param id="0" name="Instance variable">spinJump</param>
                                        </condition>
                                    </conditions>
                                    <actions>
                                        <action behavior="Platform" id="3" name="Set deceleration" sid="705121914974956" type="Player_Base">
                                            <param id="0" name="Deceleration">1500</param>
                                        </action>
                                        <action id="-13" name="Set boolean" sid="5401316539928525" type="Player_Mask">
                                            <param id="0" name="Instance variable">spinJump</param>
                                            <param id="1" name="Value">0</param>
                                        </action>
                                    </actions>
                                </event-block>
                            </sub-events>
                        </event-block>
                        <comment>Landing stuff</comment>
                        <event-block sid="2458070387392028">
                            <conditions>
                                <condition behavior="Platform" id="9" name="On landed" sid="8889150311733711" type="Player_Base" />
                            </conditions>
                            <actions>
                                <action id="0" name="Play" sid="3764991208046147" type="Audio">
                                    <param id="0" name="Audio file">Player_Land</param>
                                    <param id="2" name="Loop">0</param>
                                    <param id="3" name="Volume">0</param>
                                    <param id="1" name="Tag (optional)">&quot;&quot;</param>
                                </action>
                                <action id="-13" name="Set boolean" sid="949282597439514" type="Player_Mask">
                                    <param id="0" name="Instance variable">landing</param>
                                    <param id="1" name="Value">1</param>
                                </action>
                                <action behavior="Platform" id="8" name="Set vector X" sid="3603310645993855" type="Player_Base">
                                    <param id="0" name="Vector X">0</param>
                                </action>
                            </actions>
                            <sub-events>
                                <event-block sid="3614628081870165">
                                    <conditions>
                                        <condition id="-8" name="Is boolean instance variable set" sid="2833352952077551" type="Player_Mask">
                                            <param id="0" name="Instance variable">spinJump</param>
                                        </condition>
                                    </conditions>
                                    <actions>
                                        <action id="-13" name="Set boolean" sid="9296285607701501" type="Player_Mask">
                                            <param id="0" name="Instance variable">spinJump</param>
                                            <param id="1" name="Value">0</param>
                                        </action>
                                        <action behavior="Platform" id="3" name="Set deceleration" sid="5004475328852239" type="Player_Base">
                                            <param id="0" name="Deceleration">1500</param>
                                        </action>
                                    </actions>
                                </event-block>
                                <event-block sid="5887901093880706">
                                    <conditions>
                                        <condition id="-8" name="Is boolean instance variable set" sid="8439888969752961" type="Player_Mask">
                                            <param id="0" name="Instance variable">bouncing</param>
                                        </condition>
                                    </conditions>
                                    <actions>
                                        <action id="-13" name="Set boolean" sid="5325752085298999" type="Player_Mask">
                                            <param id="0" name="Instance variable">bouncing</param>
                                            <param id="1" name="Value">0</param>
                                        </action>
                                    </actions>
                                </event-block>
                            </sub-events>
                        </event-block>
                        <event-block sid="5005551453784985">
                            <conditions>
                                <condition id="-8" name="Is boolean instance variable set" sid="4118169176773199" type="Player_Mask">
                                    <param id="0" name="Instance variable">landing</param>
                                </condition>
                            </conditions>
                            <actions />
                            <sub-events>
                                <event-block any="1" sid="8937990908272087">
                                    <conditions>
                                        <condition behavior="Platform" id="2" inverted="1" name="Is on floor" sid="5387569421360201" type="Player_Base" />
                                        <condition id="4" name="On finished" sid="1260199904180461" type="Player_Mask">
                                            <param id="0" name="Animation">&quot;Land_&quot; &amp; Player_Mask.aimDirection</param>
                                        </condition>
                                    </conditions>
                                    <actions>
                                        <action id="-13" name="Set boolean" sid="2110211821762606" type="Player_Mask">
                                            <param id="0" name="Instance variable">landing</param>
                                            <param id="1" name="Value">0</param>
                                        </action>
                                    </actions>
                                </event-block>
                            </sub-events>
                        </event-block>
                        <event-block sid="703099027549609">
                            <conditions>
                                <condition id="0" name="On key pressed" sid="182730047641993" type="Keyboard">
                                    <param id="0" name="Key">38 (Up arrow)</param>
                                </condition>
                            </conditions>
                            <actions />
                            <sub-events>
                                <event-block sid="408167752039995">
                                    <conditions>
                                        <condition behavior="Platform" id="10" name="Is by wall" sid="160973426932800" type="Player_Base">
                                            <param id="0" name="Side">1</param>
                                        </condition>
                                    </conditions>
                                    <actions>
                                        <action behavior="Platform" id="8" name="Set vector X" sid="130391505146583" type="Player_Base">
                                            <param id="0" name="Vector X">-1200</param>
                                        </action>
                                        <action behavior="Platform" id="9" name="Set vector Y" sid="580249600887694" type="Player_Base">
                                            <param id="0" name="Vector Y">-400</param>
                                        </action>
                                    </actions>
                                </event-block>
                                <event-block sid="565955854168750">
                                    <conditions>
                                        <condition behavior="Platform" id="10" name="Is by wall" sid="863302873157945" type="Player_Base">
                                            <param id="0" name="Side">0</param>
                                        </condition>
                                    </conditions>
                                    <actions>
                                        <action behavior="Platform" id="8" name="Set vector X" sid="440544213639480" type="Player_Base">
                                            <param id="0" name="Vector X">1200</param>
                                        </action>
                                        <action behavior="Platform" id="9" name="Set vector Y" sid="541671369071027" type="Player_Base">
                                            <param id="0" name="Vector Y">-400</param>
                                        </action>
                                    </actions>
                                </event-block>
                            </sub-events>
                        </event-block>
                    </sub-events>
                </event-group>
                <event-group description="" sid="5401311782662212" title="Player Animations">
                    <sub-events>
                        <comment>Animations are continuously played from the current frame so the player can change aiming directions without resetting the animation.&#x0D;&#x0A;However, when switching to a new animation, I set the frame to 0 as to not start from the previous animation&apos;s frame.&#x0D;&#x0A;The idle animation works this way too. However, if the player is going from Run to Idle then I wait until the frame has changed to prevent that instant &quot;pop&quot; to the idle animation when you stop moving. It just looks better.</comment>
                        <comment>Ground Animations</comment>
                        <event-block sid="3669637874695844">
                            <conditions>
                                <condition behavior="Platform" id="2" name="Is on floor" sid="4615533710933975" type="Player_Base" />
                                <condition id="-8" inverted="1" name="Is boolean instance variable set" sid="9574644378141438" type="Player_Mask">
                                    <param id="0" name="Instance variable">landing</param>
                                </condition>
                            </conditions>
                            <actions />
                            <sub-events>
                                <comment>Run</comment>
                                <event-block sid="1566523391472965">
                                    <conditions>
                                        <condition behavior="Platform" id="0" name="Is moving" sid="5561534630555661" type="Player_Base" />
                                    </conditions>
                                    <actions>
                                        <action id="4" name="Set animation" sid="5240292440644327" type="Player_Mask">
                                            <param id="0" name="Animation">&quot;Run_&quot; &amp; Player_Mask.aimDirection</param>
                                            <param id="1" name="From">0</param>
                                        </action>
                                    </actions>
                                    <sub-events>
                                        <event-block sid="6479767265624871">
                                            <conditions>
                                                <condition id="-4" name="Trigger once while true" sid="2811631514349806" type="System" />
                                            </conditions>
                                            <actions>
                                                <action id="5" name="Set frame" sid="4630053365220028" type="Player_Mask">
                                                    <param id="0" name="Frame number">0</param>
                                                </action>
                                            </actions>
                                        </event-block>
                                    </sub-events>
                                </event-block>
                            </sub-events>
                        </event-block>
                        <comment>In-Air Animations</comment>
                        <event-block sid="5688392332190869">
                            <conditions>
                                <condition behavior="Platform" id="2" inverted="1" name="Is on floor" sid="8511997438624464" type="Player_Base" />
                            </conditions>
                            <actions />
                            <sub-events>
                                <comment>Jump</comment>
                                <event-block sid="4927825531081821">
                                    <conditions>
                                        <condition id="-8" inverted="1" name="Is boolean instance variable set" sid="2845024320037973" type="Player_Mask">
                                            <param id="0" name="Instance variable">spinJump</param>
                                        </condition>
                                        <condition id="2" inverted="1" name="Is playing" sid="524171408340176" type="Player_Mask">
                                            <param id="0" name="Animation">&quot;m&quot;</param>
                                        </condition>
                                    </conditions>
                                    <actions>
                                        <action id="4" name="Set animation" sid="251787822046529" type="Player_Mask">
                                            <param id="0" name="Animation">&quot;Jump_&quot; &amp; Player_Mask.aimDirection</param>
                                            <param id="1" name="From">0</param>
                                        </action>
                                    </actions>
                                    <sub-events>
                                        <event-block sid="3305587148947536">
                                            <conditions>
                                                <condition id="-4" name="Trigger once while true" sid="4501590911262145" type="System" />
                                            </conditions>
                                            <actions>
                                                <action id="5" name="Set frame" sid="8984627021236639" type="Player_Mask">
                                                    <param id="0" name="Frame number">0</param>
                                                </action>
                                            </actions>
                                        </event-block>
                                    </sub-events>
                                </event-block>
                                <comment>Spin Jump</comment>
                                <event-block sid="4732154153653729">
                                    <conditions>
                                        <condition id="-8" name="Is boolean instance variable set" sid="3087598675611291" type="Player_Mask">
                                            <param id="0" name="Instance variable">spinJump</param>
                                        </condition>
                                    </conditions>
                                    <actions>
                                        <action id="4" name="Set animation" sid="121016414414359" type="Player_Mask">
                                            <param id="0" name="Animation">&quot;SpinJump&quot;</param>
                                            <param id="1" name="From">1</param>
                                        </action>
                                    </actions>
                                </event-block>
                            </sub-events>
                        </event-block>
                        <comment>Land</comment>
                        <event-block sid="2001365833401676">
                            <conditions>
                                <condition id="-8" name="Is boolean instance variable set" sid="4313197653715508" type="Player_Mask">
                                    <param id="0" name="Instance variable">landing</param>
                                </condition>
                                <condition id="2" inverted="1" name="Is playing" sid="764885533238697" type="Player_Mask">
                                    <param id="0" name="Animation">&quot;m&quot;</param>
                                </condition>
                            </conditions>
                            <actions>
                                <action id="4" name="Set animation" sid="5375583696815797" type="Player_Mask">
                                    <param id="0" name="Animation">&quot;Land_&quot; &amp; Player_Mask.aimDirection</param>
                                    <param id="1" name="From">0</param>
                                </action>
                            </actions>
                            <sub-events>
                                <event-block sid="1313360148614876">
                                    <conditions>
                                        <condition id="-4" name="Trigger once while true" sid="1482606512887805" type="System" />
                                    </conditions>
                                    <actions>
                                        <action id="5" name="Set frame" sid="8172206468602805" type="Player_Mask">
                                            <param id="0" name="Frame number">0</param>
                                        </action>
                                    </actions>
                                </event-block>
                            </sub-events>
                        </event-block>
                        <event-block sid="340344766880790">
                            <conditions>
                                <condition behavior="Platform" id="0" inverted="1" name="Is moving" sid="197496503172783" type="Player_Base" />
                            </conditions>
                            <actions />
                            <sub-events>
                                <event-block sid="886449957837594">
                                    <conditions>
                                        <condition id="2" inverted="1" name="Is playing" sid="332999881358902" type="Player_Mask">
                                            <param id="0" name="Animation">&quot;Run_&quot; &amp; Player_Mask.aimDirection</param>
                                        </condition>
                                        <condition id="2" inverted="1" name="Is playing" sid="636312506281168" type="Player_Mask">
                                            <param id="0" name="Animation">&quot;m&quot;</param>
                                        </condition>
                                    </conditions>
                                    <actions>
                                        <action id="4" name="Set animation" sid="100184704955452" type="Player_Mask">
                                            <param id="0" name="Animation">&quot;Idle_&quot; &amp; Player_Mask.aimDirection</param>
                                            <param id="1" name="From">0</param>
                                        </action>
                                    </actions>
                                    <sub-events>
                                        <event-block sid="529480146742166">
                                            <conditions>
                                                <condition id="-4" name="Trigger once while true" sid="855653980105282" type="System" />
                                            </conditions>
                                            <actions>
                                                <action id="5" name="Set frame" sid="310407066765589" type="Player_Mask">
                                                    <param id="0" name="Frame number">0</param>
                                                </action>
                                            </actions>
                                        </event-block>
                                    </sub-events>
                                </event-block>
                                <event-block sid="961073451988874">
                                    <conditions>
                                        <condition id="6" name="On frame changed" sid="259567679559553" type="Player_Mask" />
                                        <condition id="2" name="Is playing" sid="548682354007300" type="Player_Mask">
                                            <param id="0" name="Animation">&quot;Run_&quot; &amp; Player_Mask.aimDirection</param>
                                        </condition>
                                    </conditions>
                                    <actions>
                                        <action id="4" name="Set animation" sid="939327092080072" type="Player_Mask">
                                            <param id="0" name="Animation">&quot;Idle_&quot; &amp; Player_Mask.aimDirection</param>
                                            <param id="1" name="From">1</param>
                                        </action>
                                    </actions>
                                </event-block>
                            </sub-events>
                        </event-block>
                    </sub-events>
                </event-group>
                <event-group description="" sid="6593741210109388" title="Player Shoot">
                    <sub-events>
                        <event-block sid="9833901153080932">
                            <conditions>
                                <condition id="-8" name="Is boolean instance variable set" sid="6588413630585647" type="Player_Mask">
                                    <param id="0" name="Instance variable">shoot</param>
                                </condition>
                            </conditions>
                            <actions>
                                <action id="-13" name="Set boolean" sid="2545003804876172" type="Player_Mask">
                                    <param id="0" name="Instance variable">shoot</param>
                                    <param id="1" name="Value">0</param>
                                </action>
                            </actions>
                            <sub-events>
                                <event-block sid="8909751413831327">
                                    <conditions>
                                        <condition id="-7" name="Compare instance variable" sid="3629097302796062" type="Player_Mask">
                                            <param id="0" name="Instance variable">weapon</param>
                                            <param id="1" name="Comparison">0</param>
                                            <param id="2" name="Value">&quot;Beam&quot;</param>
                                        </condition>
                                    </conditions>
                                    <actions>
                                        <action id="-3" name="Create object" sid="3581474210455918" type="System">
                                            <param id="0" name="Object to create">Player_Bullet</param>
                                            <param id="1" name="Layer">&quot;Player&quot;</param>
                                            <param id="2" name="X">Player_Mask.ImagepointX(1)</param>
                                            <param id="3" name="Y">Player_Mask.ImagepointY(1)</param>
                                        </action>
                                        <action behavior="Bullet" id="3" name="Set angle of motion" sid="9158612621046617" type="Player_Bullet">
                                            <param id="0" name="Angle">Player_Mask.shootAngle</param>
                                        </action>
                                        <action id="4" name="Set animation" sid="3093455118588727" type="Player_Bullet">
                                            <param id="0" name="Animation">&quot;Default_&quot; &amp; Player_Mask.shootAngle</param>
                                            <param id="1" name="From">1</param>
                                        </action>
                                        <action id="0" name="Play" sid="6926689614898478" type="Audio">
                                            <param id="0" name="Audio file">Player_Shoot</param>
                                            <param id="2" name="Loop">0</param>
                                            <param id="3" name="Volume">0</param>
                                            <param id="1" name="Tag (optional)">&quot;&quot;</param>
                                        </action>
                                    </actions>
                                </event-block>
                                <event-block sid="6540350468595864">
                                    <conditions>
                                        <condition id="-7" name="Compare instance variable" sid="7801463573729906" type="Player_Mask">
                                            <param id="0" name="Instance variable">weapon</param>
                                            <param id="1" name="Comparison">0</param>
                                            <param id="2" name="Value">&quot;Missile&quot;</param>
                                        </condition>
                                        <condition id="0" name="Compare value" sid="9016046351269091" type="Data_Player">
                                            <param id="0" name="Key">&quot;Missiles&quot;</param>
                                            <param id="1" name="Comparison">4</param>
                                            <param id="2" name="Value">0</param>
                                        </condition>
                                    </conditions>
                                    <actions>
                                        <action id="-3" name="Create object" sid="7219762722299512" type="System">
                                            <param id="0" name="Object to create">Player_Missile</param>
                                            <param id="1" name="Layer">&quot;Player&quot;</param>
                                            <param id="2" name="X">Player_Mask.ImagepointX(1)</param>
                                            <param id="3" name="Y">Player_Mask.ImagepointY(1)</param>
                                        </action>
                                        <action behavior="Bullet" id="3" name="Set angle of motion" sid="5486813122303501" type="Player_Missile">
                                            <param id="0" name="Angle">Player_Mask.shootAngle</param>
                                        </action>
                                        <action id="4" name="Set animation" sid="3227195990304928" type="Player_Missile">
                                            <param id="0" name="Animation">&quot;Default_&quot; &amp; Player_Mask.shootAngle</param>
                                            <param id="1" name="From">1</param>
                                        </action>
                                        <action id="0" name="Call function" sid="7675791874396567" type="Function">
                                            <param id="0" name="Name">&quot;Adjust_Missiles&quot;</param>
                                            <param id="1" name="Parameter {n}">-1</param>
                                        </action>
                                        <action id="0" name="Play" sid="9726815540234578" type="Audio">
                                            <param id="0" name="Audio file">Player_Missile</param>
                                            <param id="2" name="Loop">0</param>
                                            <param id="3" name="Volume">0</param>
                                            <param id="1" name="Tag (optional)">&quot;&quot;</param>
                                        </action>
                                    </actions>
                                </event-block>
                            </sub-events>
                        </event-block>
                    </sub-events>
                </event-group>
                <event-group description="" sid="2735835173705609" title="Player Hurt">
                    <sub-events>
                        <comment>Hurt the player when touching an enemy</comment>
                        <event-block sid="3203224146353955">
                            <conditions>
                                <condition id="1" name="Is overlapping another object" sid="5806941862527199" type="Player_Base">
                                    <param id="0" name="Object">Enemies</param>
                                </condition>
                                <condition id="-8" inverted="1" name="Is boolean instance variable set" sid="6527942834283925" type="Player_Mask">
                                    <param id="0" name="Instance variable">hurt</param>
                                </condition>
                                <condition id="-8" inverted="1" name="Is boolean instance variable set" sid="456011784176074" type="Player_Mask">
                                    <param id="0" name="Instance variable">Dash</param>
                                </condition>
                            </conditions>
                            <actions>
                                <action id="-13" name="Set boolean" sid="844814925243305" type="Player_Mask">
                                    <param id="0" name="Instance variable">Dash</param>
                                    <param id="1" name="Value">0</param>
                                </action>
                                <action id="0" name="Call function" sid="6488778821489396" type="Function">
                                    <param id="0" name="Name">&quot;Player_Hurt&quot;</param>
                                    <param id="1" name="Parameter {n}">Enemies.power * -1</param>
                                </action>
                            </actions>
                        </event-block>
                        <comment></comment>
                        <event-block sid="507421699696103">
                            <conditions>
                                <condition id="0" name="On function" sid="4098656952990558" type="Function">
                                    <param id="0" name="Name">&quot;Player_Hurt&quot;</param>
                                </condition>
                            </conditions>
                            <actions>
                                <action id="0" name="Play" sid="5105226226554527" type="Audio">
                                    <param id="0" name="Audio file">Player_Hurt</param>
                                    <param id="2" name="Loop">0</param>
                                    <param id="3" name="Volume">0</param>
                                    <param id="1" name="Tag (optional)">&quot;&quot;</param>
                                </action>
                                <action id="0" name="Call function" sid="3143580220433878" type="Function">
                                    <param id="0" name="Name">&quot;Adjust_Energy&quot;</param>
                                    <param id="1" name="Parameter {n}">Function.Param(0)</param>
                                </action>
                                <action id="0" name="Call function" sid="4882508874511828" type="Function">
                                    <param id="0" name="Name">&quot;Object_Flash&quot;</param>
                                    <param id="1" name="Parameter {n}">Player_Mask.UID</param>
                                </action>
                                <action id="-13" name="Set boolean" sid="4522218172310012" type="Player_Mask">
                                    <param id="0" name="Instance variable">hurt</param>
                                    <param id="1" name="Value">1</param>
                                </action>
                                <action id="-13" name="Set boolean" sid="9123746743466555" type="Player_Mask">
                                    <param id="0" name="Instance variable">bouncing</param>
                                    <param id="1" name="Value">1</param>
                                </action>
                                <action id="-13" name="Set boolean" sid="7971188855407153" type="Player_Mask">
                                    <param id="0" name="Instance variable">spinJump</param>
                                    <param id="1" name="Value">0</param>
                                </action>
                                <action id="-10" name="Set value" sid="5266340591385003" type="Player_Mask">
                                    <param id="0" name="Instance variable">hurtTimer</param>
                                    <param id="1" name="Value">1</param>
                                </action>
                                <action behavior="Flash" id="0" name="Flash" sid="5986039012455228" type="Player_Mask">
                                    <param id="0" name="&apos;On&apos; time">0.05</param>
                                    <param id="1" name="&apos;Off&apos; time">0.05</param>
                                    <param id="2" name="Duration">Infinity</param>
                                </action>
                                <action behavior="Platform" id="2" name="Set acceleration" sid="3690713591082906" type="Player_Base">
                                    <param id="0" name="Acceleration">0</param>
                                </action>
                                <action behavior="Platform" id="3" name="Set deceleration" sid="2393366467845066" type="Player_Base">
                                    <param id="0" name="Deceleration">0</param>
                                </action>
                                <action behavior="Platform" id="9" name="Set vector Y" sid="433600645613569" type="Player_Base">
                                    <param id="0" name="Vector Y">-100</param>
                                </action>
                            </actions>
                            <sub-events>
                                <event-block sid="1570567359854701">
                                    <conditions>
                                        <condition id="-7" name="Compare instance variable" sid="1616469760214866" type="Player_Mask">
                                            <param id="0" name="Instance variable">direction</param>
                                            <param id="1" name="Comparison">0</param>
                                            <param id="2" name="Value">&quot;right&quot;</param>
                                        </condition>
                                    </conditions>
                                    <actions>
                                        <action behavior="Platform" id="8" name="Set vector X" sid="7396541081033874" type="Player_Base">
                                            <param id="0" name="Vector X">-50</param>
                                        </action>
                                    </actions>
                                </event-block>
                                <event-block sid="9824274270276722">
                                    <conditions>
                                        <condition id="-7" name="Compare instance variable" sid="9468215128170676" type="Player_Mask">
                                            <param id="0" name="Instance variable">direction</param>
                                            <param id="1" name="Comparison">0</param>
                                            <param id="2" name="Value">&quot;left&quot;</param>
                                        </condition>
                                    </conditions>
                                    <actions>
                                        <action behavior="Platform" id="8" name="Set vector X" sid="1000472568609414" type="Player_Base">
                                            <param id="0" name="Vector X">50</param>
                                        </action>
                                    </actions>
                                </event-block>
                            </sub-events>
                        </event-block>
                        <comment></comment>
                        <event-block sid="9628693879618197">
                            <conditions>
                                <condition id="-8" name="Is boolean instance variable set" sid="2757155814318818" type="Player_Mask">
                                    <param id="0" name="Instance variable">hurt</param>
                                </condition>
                            </conditions>
                            <actions>
                                <action id="-12" name="Subtract from" sid="8342772910430595" type="Player_Mask">
                                    <param id="0" name="Instance variable">hurtTimer</param>
                                    <param id="1" name="Value">dt</param>
                                </action>
                            </actions>
                            <sub-events>
                                <event-block sid="5243674198561242">
                                    <conditions>
                                        <condition id="-7" name="Compare instance variable" sid="2298735374970728" type="Player_Mask">
                                            <param id="0" name="Instance variable">hurtTimer</param>
                                            <param id="1" name="Comparison">3</param>
                                            <param id="2" name="Value">0.6</param>
                                        </condition>
                                        <condition id="-4" name="Trigger once while true" sid="1355168660009299" type="System" />
                                    </conditions>
                                    <actions>
                                        <action behavior="Platform" id="2" name="Set acceleration" sid="914118657776715" type="Player_Base">
                                            <param id="0" name="Acceleration">1000</param>
                                        </action>
                                        <action behavior="Platform" id="3" name="Set deceleration" sid="401647619062302" type="Player_Base">
                                            <param id="0" name="Deceleration">1500</param>
                                        </action>
                                    </actions>
                                </event-block>
                                <event-block sid="6319334009527817">
                                    <conditions>
                                        <condition id="-7" name="Compare instance variable" sid="9305741309707181" type="Player_Mask">
                                            <param id="0" name="Instance variable">hurtTimer</param>
                                            <param id="1" name="Comparison">3</param>
                                            <param id="2" name="Value">0</param>
                                        </condition>
                                    </conditions>
                                    <actions>
                                        <action id="-13" name="Set boolean" sid="6096658852943253" type="Player_Mask">
                                            <param id="0" name="Instance variable">hurt</param>
                                            <param id="1" name="Value">0</param>
                                        </action>
                                        <action behavior="Flash" id="1" name="Stop flashing" sid="2455312229525449" type="Player_Mask" />
                                    </actions>
                                </event-block>
                            </sub-events>
                        </event-block>
                    </sub-events>
                </event-group>
            </sub-events>
        </event-group>
        <event-group description="" sid="4402996667656104" title="Player Death">
            <sub-events>
                <event-block sid="6309703621689614">
                    <conditions>
                        <condition id="0" name="Compare value" sid="5106129902503987" type="Data_Player">
                            <param id="0" name="Key">&quot;Energy&quot;</param>
                            <param id="1" name="Comparison">0</param>
                            <param id="2" name="Value">0</param>
                        </condition>
                        <condition id="-4" name="Trigger once while true" sid="3370281776761175" type="System" />
                    </conditions>
                    <actions>
                        <action id="-9" name="Set value" sid="9266536753384519" type="System">
                            <param id="0" name="Variable">PAUSE_LOCK</param>
                            <param id="1" name="Value">1</param>
                        </action>
                    </actions>
                    <sub-events>
                        <comment>Destroy player</comment>
                        <event-block sid="2247850581355333">
                            <conditions />
                            <actions>
                                <action id="-16" name="Set opacity" sid="8029389392409065" type="Player_Mask">
                                    <param id="0" name="Opacity">0</param>
                                </action>
                                <action id="-12" name="Set group active" sid="2984323386645808" type="System">
                                    <param id="0" name="Group name">&quot;Player Engine&quot;</param>
                                    <param id="1" name="State">0</param>
                                </action>
                                <action behavior="Platform" id="11" name="Set enabled" sid="3931862124689227" type="Player_Base">
                                    <param id="0" name="State">0</param>
                                </action>
                            </actions>
                        </event-block>
                        <comment>FX</comment>
                        <event-block sid="8436043695505922">
                            <conditions>
                                <condition id="-12" name="Repeat" sid="3482340289519771" type="System">
                                    <param id="0" name="Count">8</param>
                                </condition>
                            </conditions>
                            <actions>
                                <action id="-3" name="Create object" sid="4226476716484243" type="System">
                                    <param id="0" name="Object to create">Particles</param>
                                    <param id="1" name="Layer">&quot;FX&quot;</param>
                                    <param id="2" name="X">Player_Base.X</param>
                                    <param id="3" name="Y">Player_Base.Y - Player_Base.Height / 2</param>
                                </action>
                                <action id="4" name="Set animation" sid="7350602090628774" type="Particles">
                                    <param id="0" name="Animation">&quot;Explosion_3&quot;</param>
                                    <param id="1" name="From">1</param>
                                </action>
                                <action behavior="Bullet" id="0" name="Set speed" sid="5378490249014558" type="Particles">
                                    <param id="0" name="Speed">120</param>
                                </action>
                                <action behavior="Bullet" id="3" name="Set angle of motion" sid="6989170304748551" type="Particles">
                                    <param id="0" name="Angle">loopindex * (360/8)</param>
                                </action>
                            </actions>
                        </event-block>
                        <comment>Fade out, clear any unsaved data, then return to title screen</comment>
                        <event-block sid="5309644288105401">
                            <conditions />
                            <actions>
                                <action id="-16" name="Wait" sid="3215333865187565" type="System">
                                    <param id="0" name="Seconds">1</param>
                                </action>
                                <action id="0" name="Call function" sid="1807853621970028" type="Function">
                                    <param id="0" name="Name">&quot;Transition&quot;</param>
                                    <param id="1" name="Parameter {n}">&quot;out&quot;</param>
                                </action>
                                <action id="-16" name="Wait" sid="5478341880731664" type="System">
                                    <param id="0" name="Seconds">1</param>
                                </action>
                                <action id="0" name="Call function" sid="6662292207948272" type="Function">
                                    <param id="0" name="Name">&quot;SaveData_Clear&quot;</param>
                                    <param id="1" name="Parameter {n}"></param>
                                </action>
                                <action id="-2" name="Go to layout" sid="4916677139841276" type="System">
                                    <param id="0" name="Layout">TitleScreen</param>
                                </action>
                            </actions>
                        </event-block>
                    </sub-events>
                </event-block>
            </sub-events>
        </event-group>
        <event-group description="" sid="835470399361680" title="katana">
            <sub-events>
                <event-block sid="737558447452264">
                    <conditions>
                        <condition id="-1" name="Every tick" sid="193114794102016" type="System" />
                        <condition id="7" inverted="1" name="Is mirrored" sid="206348867581482" type="Player_Mask" />
                    </conditions>
                    <actions>
                        <action id="-4" name="Set position to another object" sid="488703347536097" type="Sprite">
                            <param id="0" name="Object">Player_Mask</param>
                            <param id="1" name="Image point (optional)">2</param>
                        </action>
                        <action id="-8" name="Set angle" sid="191263732843172" type="Sprite">
                            <param id="0" name="Angle">313.453</param>
                        </action>
                        <action id="-7" name="Set size" sid="921091334353970" type="Sprite">
                            <param id="0" name="Width">9.328</param>
                            <param id="1" name="Height">12.688</param>
                        </action>
                    </actions>
                </event-block>
                <event-block sid="867356393813367">
                    <conditions>
                        <condition id="7" name="Is mirrored" sid="302329791746995" type="Player_Mask" />
                    </conditions>
                    <actions>
                        <action id="-7" name="Set size" sid="870849535896634" type="Sprite">
                            <param id="0" name="Width">-9.328</param>
                            <param id="1" name="Height">-12.688</param>
                        </action>
                        <action id="-4" name="Set position to another object" sid="943291730861239" type="Sprite">
                            <param id="0" name="Object">Player_Mask</param>
                            <param id="1" name="Image point (optional)">2</param>
                        </action>
                        <action id="-8" name="Set angle" sid="622296394967115" type="Sprite">
                            <param id="0" name="Angle">313.453</param>
                        </action>
                    </actions>
                </event-block>
            </sub-events>
        </event-group>
        <event-group description="" sid="757664152207138" title="Dash">
            <sub-events>
                <event-block sid="521965015620934">
                    <conditions>
                        <condition behavior="Platform" id="2" name="Is on floor" sid="239598623264379" type="Player_Base" />
                    </conditions>
                    <actions />
                    <sub-events>
                        <event-block sid="101393788187807">
                            <conditions>
                                <condition id="-8" name="Is boolean instance variable set" sid="584832595036994" type="Player_Mask">
                                    <param id="0" name="Instance variable">Dash</param>
                                </condition>
                            </conditions>
                            <actions />
                            <sub-events>
                                <event-block sid="110275595441774">
                                    <conditions>
                                        <condition behavior="Platform" id="1" name="Compare speed" sid="942517395217101" type="Player_Base">
                                            <param id="0" name="Comparison">3</param>
                                            <param id="1" name="Speed">Run_speed</param>
                                        </condition>
                                    </conditions>
                                    <actions>
                                        <action id="-13" name="Set boolean" sid="314375496596799" type="Player_Mask">
                                            <param id="0" name="Instance variable">Dash</param>
                                            <param id="1" name="Value">0</param>
                                        </action>
                                        <action behavior="Platform" id="1" name="Set max speed" sid="945391249104257" type="Player_Base">
                                            <param id="0" name="Max Speed">Run_speed</param>
                                        </action>
                                        <action behavior="Platform" id="3" name="Set deceleration" sid="665634280240871" type="Player_Base">
                                            <param id="0" name="Deceleration">Player_Base.Platform.Deceleration*Dash_Time</param>
                                        </action>
                                        <action id="4" name="Set animation" sid="554862308534967" type="Player_Mask">
                                            <param id="0" name="Animation">&quot;dash&quot;</param>
                                            <param id="1" name="From">1</param>
                                        </action>
                                    </actions>
                                </event-block>
                            </sub-events>
                        </event-block>
                    </sub-events>
                </event-block>
                <event-block sid="331167813251712">
                    <conditions>
                        <condition id="0" name="On key pressed" sid="435800249219744" type="Keyboard">
                            <param id="0" name="Key">16 (Shift)</param>
                        </condition>
                    </conditions>
                    <actions />
                    <sub-events>
                        <event-block sid="112930335862562">
                            <conditions>
                                <condition id="7" inverted="1" name="Is mirrored" sid="938788723916125" type="Player_Mask" />
                            </conditions>
                            <actions />
                            <sub-events>
                                <event-block sid="139138993104073">
                                    <conditions>
                                        <condition id="-8" inverted="1" name="Is boolean instance variable set" sid="398911319580709" type="Player_Mask">
                                            <param id="0" name="Instance variable">Dash</param>
                                        </condition>
                                    </conditions>
                                    <actions>
                                        <action id="-13" name="Set boolean" sid="278737683776925" type="Player_Mask">
                                            <param id="0" name="Instance variable">Dash</param>
                                            <param id="1" name="Value">1</param>
                                        </action>
                                        <action behavior="Platform" id="1" name="Set max speed" sid="718745360356158" type="Player_Base">
                                            <param id="0" name="Max Speed">Dash_Run</param>
                                        </action>
                                        <action behavior="Platform" id="3" name="Set deceleration" sid="430843253575126" type="Player_Base">
                                            <param id="0" name="Deceleration">Player_Base.Platform.Deceleration/Dash_Time</param>
                                        </action>
                                        <action behavior="Platform" id="8" name="Set vector X" sid="696882060869636" type="Player_Base">
                                            <param id="0" name="Vector X">Dash_Run</param>
                                        </action>
                                        <action id="4" name="Set animation" sid="192600164318870" type="Player_Mask">
                                            <param id="0" name="Animation">&quot;dash&quot;</param>
                                            <param id="1" name="From">1</param>
                                        </action>
                                    </actions>
                                </event-block>
                            </sub-events>
                        </event-block>
                        <event-block sid="398994544269420">
                            <conditions>
                                <condition id="7" name="Is mirrored" sid="671971554958958" type="Player_Mask" />
                            </conditions>
                            <actions />
                            <sub-events>
                                <event-block sid="104951391201402">
                                    <conditions>
                                        <condition id="-8" inverted="1" name="Is boolean instance variable set" sid="166548333903415" type="Player_Mask">
                                            <param id="0" name="Instance variable">Dash</param>
                                        </condition>
                                    </conditions>
                                    <actions>
                                        <action id="-13" name="Set boolean" sid="335027585200796" type="Player_Mask">
                                            <param id="0" name="Instance variable">Dash</param>
                                            <param id="1" name="Value">1</param>
                                        </action>
                                        <action behavior="Platform" id="1" name="Set max speed" sid="526108797614897" type="Player_Base">
                                            <param id="0" name="Max Speed">Dash_Run</param>
                                        </action>
                                        <action behavior="Platform" id="3" name="Set deceleration" sid="500163107632680" type="Player_Base">
                                            <param id="0" name="Deceleration">Player_Base.Platform.Deceleration/Dash_Time</param>
                                        </action>
                                        <action behavior="Platform" id="8" name="Set vector X" sid="652129640066226" type="Player_Base">
                                            <param id="0" name="Vector X">-Dash_Run</param>
                                        </action>
                                        <action id="4" name="Set animation" sid="391810482510852" type="Player_Mask">
                                            <param id="0" name="Animation">&quot;dash&quot;</param>
                                            <param id="1" name="From">1</param>
                                        </action>
                                    </actions>
                                </event-block>
                            </sub-events>
                        </event-block>
                    </sub-events>
                </event-block>
            </sub-events>
        </event-group>
    </events>
</c2eventsheet>
