﻿<?xml version="1.0" encoding="utf-8" ?>
<c2eventsheet>
    <!--All the 'name' attributes are ignored by Construct 2 - they are there for readability only.-->
    <name>eRoomSystem</name>
    <events>
        <event-group description="" sid="5836134596949371" title="Start">
            <sub-events>
                <comment>Store the UID of the current RoomZone when the player is created.</comment>
                <event-block sid="5657494025610214">
                    <conditions>
                        <condition id="-18" name="On created" sid="2674330555524826" type="Player_Base" />
                        <condition id="1" name="Is overlapping another object" sid="1946774324799404" type="Player_Base">
                            <param id="0" name="Object">RoomZone</param>
                        </condition>
                    </conditions>
                    <actions>
                        <action id="-10" name="Set value" sid="1867248671750862" type="Controller_Rooms">
                            <param id="0" name="Instance variable">rm_currentUID</param>
                            <param id="1" name="Value">RoomZone.UID</param>
                        </action>
                    </actions>
                </event-block>
            </sub-events>
        </event-group>
        <event-group description="" sid="3928555749610243" title="Camera">
            <sub-events>
                <comment>If no room transition is taking place, set ScrollX/Y to the player but keep them within the boundaries of the current RoomZone.</comment>
                <event-block sid="7496751866417789">
                    <conditions>
                        <condition id="-7" name="Compare instance variable" sid="1147940418744762" type="Controller_Rooms">
                            <param id="0" name="Instance variable">rmTran_state</param>
                            <param id="1" name="Comparison">0</param>
                            <param id="2" name="Value">&quot;&quot;</param>
                        </condition>
                        <condition id="-7" name="Compare instance variable" sid="2914087385616168" type="Controller_Rooms">
                            <param id="0" name="Instance variable">cam_type</param>
                            <param id="1" name="Comparison">0</param>
                            <param id="2" name="Value">&quot;normal&quot;</param>
                        </condition>
                        <condition id="-14" name="Pick by unique ID" sid="4694784328893303" type="RoomZone">
                            <param id="0" name="Unique ID">Controller_Rooms.rm_currentUID</param>
                        </condition>
                    </conditions>
                    <actions>
                        <action id="-7" name="Scroll to position" sid="1626847677535165" type="System">
                            <param id="0" name="X">clamp(Player_Base.X, RoomZone.X + RES_WIDTH / 2, RoomZone.X + RoomZone.Width - RES_WIDTH / 2)</param>
                            <param id="1" name="Y">clamp(Player_Base.Y, RoomZone.Y + RES_HEIGHT / 2, RoomZone.Y + RoomZone.Height - RES_HEIGHT / 2)</param>
                        </action>
                    </actions>
                </event-block>
            </sub-events>
        </event-group>
        <event-group description="This is actually pretty simple. There&apos;s just a lot to it!" sid="2465121757425833" title="Room Transitions">
            <sub-events>
                <comment>Begin a room transition and destroy objects in this room via the Room_Unload function. This also deletes the &quot;SavePlatform&quot; key so you can use the save platform after leaving and coming back.</comment>
                <event-block sid="5293568027795004">
                    <conditions>
                        <condition id="0" name="On collision with another object" sid="1232334030332648" type="Player_Base">
                            <param id="0" name="Object">Trigger_Door</param>
                        </condition>
                        <condition id="-7" name="Compare instance variable" sid="5483405602092404" type="Controller_Rooms">
                            <param id="0" name="Instance variable">rmTran_state</param>
                            <param id="1" name="Comparison">0</param>
                            <param id="2" name="Value">&quot;&quot;</param>
                        </condition>
                    </conditions>
                    <actions>
                        <action id="-10" name="Set value" sid="599076399304552" type="Controller_Rooms">
                            <param id="0" name="Instance variable">rmTran_state</param>
                            <param id="1" name="Value">&quot;start&quot;</param>
                        </action>
                        <action id="-10" name="Set value" sid="7351238381328215" type="Controller_Rooms">
                            <param id="0" name="Instance variable">rmTran_direction</param>
                            <param id="1" name="Value">Trigger_Door.direction</param>
                        </action>
                        <action id="0" name="Call function" sid="2722122164755576" type="Function">
                            <param id="0" name="Name">&quot;Room_Unload&quot;</param>
                            <param id="1" name="Parameter {n}">Controller_Rooms.rm_currentUID</param>
                        </action>
                        <action id="2" name="Delete key" sid="7119048193815951" type="Data_Map">
                            <param id="0" name="Key">&quot;SavePlatform&quot;</param>
                        </action>
                        <action id="-13" name="Set time scale" sid="9627894559732332" type="System">
                            <param id="0" name="Time scale">0</param>
                        </action>
                        <action id="-9" name="Set value" sid="7071527214467923" type="System">
                            <param id="0" name="Variable">PAUSE_LOCK</param>
                            <param id="1" name="Value">1</param>
                        </action>
                        <action id="-12" name="Set group active" sid="8557934903468633" type="System">
                            <param id="0" name="Group name">&quot;Player Engine&quot;</param>
                            <param id="1" name="State">0</param>
                        </action>
                    </actions>
                    <sub-events>
                        <comment>&gt;Get the UID of the RoomZone being transitioned to (via collision) and recreate the initial instances via the Room_Load function.</comment>
                        <event-block sid="4827495989163682">
                            <conditions>
                                <condition id="9" name="Is overlapping at offset" sid="3348463784222037" type="Player_Base">
                                    <param id="0" name="Object">RoomZone</param>
                                    <param id="1" name="Offset X">Controller_Rooms.rmTran_direction = &quot;right&quot;? 32 : -32</param>
                                    <param id="2" name="Offset Y">0</param>
                                </condition>
                            </conditions>
                            <actions>
                                <action id="-10" name="Set value" sid="6610060674678446" type="Controller_Rooms">
                                    <param id="0" name="Instance variable">rm_currentUID</param>
                                    <param id="1" name="Value">RoomZone.UID</param>
                                </action>
                                <action id="0" name="Call function" sid="1257183970131685" type="Function">
                                    <param id="0" name="Name">&quot;Room_Load&quot;</param>
                                    <param id="1" name="Parameter {n}">Controller_Rooms.rm_currentUID</param>
                                </action>
                            </actions>
                            <sub-events>
                                <comment>&gt;Store the edges of the RoomZone for later use.</comment>
                                <event-block sid="2937718919338901">
                                    <conditions />
                                    <actions>
                                        <action id="-10" name="Set value" sid="267437232807061" type="Controller_Rooms">
                                            <param id="0" name="Instance variable">rm_top</param>
                                            <param id="1" name="Value">RoomZone.Y + RES_HEIGHT / 2</param>
                                        </action>
                                        <action id="-10" name="Set value" sid="2206567638418808" type="Controller_Rooms">
                                            <param id="0" name="Instance variable">rm_bottom</param>
                                            <param id="1" name="Value">RoomZone.Y + RoomZone.Height - RES_HEIGHT / 2</param>
                                        </action>
                                        <action id="-10" name="Set value" sid="4280645255354928" type="Controller_Rooms">
                                            <param id="0" name="Instance variable">rm_left</param>
                                            <param id="1" name="Value">RoomZone.X + RES_WIDTH / 2</param>
                                        </action>
                                        <action id="-10" name="Set value" sid="155457473456498" type="Controller_Rooms">
                                            <param id="0" name="Instance variable">rm_right</param>
                                            <param id="1" name="Value">RoomZone.X + RoomZone.Width - RES_WIDTH / 2</param>
                                        </action>
                                    </actions>
                                </event-block>
                            </sub-events>
                        </event-block>
                    </sub-events>
                </event-block>
                <comment>The room transition states work like this:&#x0D;&#x0A;1) &quot;start&quot; (Pause for 0.5 seconds)&#x0D;&#x0A;2) &quot;alignment_check_room&quot; (Check if the camera is properly aligned with the next room. If not, align it then proceed to &quot;transition&quot;)&#x0D;&#x0A;3) &quot;transition&quot; (Scroll from current room to the next)&#x0D;&#x0A;4)  &quot;alignment_check_player&quot; (Check if the camera should be aligned with the player. If so, align it then proceed to &quot;finish&quot;)&#x0D;&#x0A;5) &quot;finish&quot; (Pause for 0.5 seconds, then resume)</comment>
                <event-block sid="7960117592060443">
                    <conditions>
                        <condition id="-7" name="Compare instance variable" sid="2718554942904613" type="Controller_Rooms">
                            <param id="0" name="Instance variable">rmTran_state</param>
                            <param id="1" name="Comparison">0</param>
                            <param id="2" name="Value">&quot;start&quot;</param>
                        </condition>
                    </conditions>
                    <actions>
                        <action id="-11" name="Add to" sid="683881553888781" type="Controller_Rooms">
                            <param id="0" name="Instance variable">rmTran_timer</param>
                            <param id="1" name="Value">Controller_Rooms.dt</param>
                        </action>
                    </actions>
                    <sub-events>
                        <event-block sid="7722113636108234">
                            <conditions>
                                <condition id="-7" name="Compare instance variable" sid="719622389466322" type="Controller_Rooms">
                                    <param id="0" name="Instance variable">rmTran_timer</param>
                                    <param id="1" name="Comparison">5</param>
                                    <param id="2" name="Value">0.5</param>
                                </condition>
                            </conditions>
                            <actions>
                                <action id="-10" name="Set value" sid="4999902716192471" type="Controller_Rooms">
                                    <param id="0" name="Instance variable">rmTran_state</param>
                                    <param id="1" name="Value">&quot;alignment_check_room&quot;</param>
                                </action>
                                <action id="-10" name="Set value" sid="1514791704903812" type="Controller_Rooms">
                                    <param id="0" name="Instance variable">rmTran_timer</param>
                                    <param id="1" name="Value">0</param>
                                </action>
                            </actions>
                        </event-block>
                    </sub-events>
                </event-block>
                <comment>RoomZone alignment check</comment>
                <event-block sid="6549456957248887">
                    <conditions>
                        <condition id="-7" name="Compare instance variable" sid="8907011861035187" type="Controller_Rooms">
                            <param id="0" name="Instance variable">rmTran_state</param>
                            <param id="1" name="Comparison">0</param>
                            <param id="2" name="Value">&quot;alignment_check_room&quot;</param>
                        </condition>
                    </conditions>
                    <actions />
                    <sub-events>
                        <event-block any="1" sid="7625240172712988">
                            <conditions>
                                <condition id="-7" name="Compare instance variable" sid="3695359146972059" type="Controller_Rooms">
                                    <param id="0" name="Instance variable">rmTran_direction</param>
                                    <param id="1" name="Comparison">0</param>
                                    <param id="2" name="Value">&quot;right&quot;</param>
                                </condition>
                                <condition id="-7" name="Compare instance variable" sid="5805084599363916" type="Controller_Rooms">
                                    <param id="0" name="Instance variable">rmTran_direction</param>
                                    <param id="1" name="Comparison">0</param>
                                    <param id="2" name="Value">&quot;left&quot;</param>
                                </condition>
                            </conditions>
                            <actions />
                            <sub-events>
                                <comment>If camera is level with the next room&apos;s border, we&apos;re good.</comment>
                                <event-block sid="5411828293045447">
                                    <conditions>
                                        <condition id="-8" name="Compare two values" sid="1709592733050498" type="System">
                                            <param id="0" name="First value">scrolly</param>
                                            <param id="1" name="Comparison">5</param>
                                            <param id="2" name="Second value">Controller_Rooms.rm_top</param>
                                        </condition>
                                        <condition id="-8" name="Compare two values" sid="4188822615707145" type="System">
                                            <param id="0" name="First value">scrolly</param>
                                            <param id="1" name="Comparison">3</param>
                                            <param id="2" name="Second value">Controller_Rooms.rm_bottom</param>
                                        </condition>
                                    </conditions>
                                    <actions>
                                        <action id="-10" name="Set value" sid="1603132642586647" type="Controller_Rooms">
                                            <param id="0" name="Instance variable">rmTran_state</param>
                                            <param id="1" name="Value">&quot;transition&quot;</param>
                                        </action>
                                    </actions>
                                </event-block>
                                <comment>If camera is outside border, move to the border.</comment>
                                <event-block sid="7222194361886775">
                                    <conditions>
                                        <condition id="-8" name="Compare two values" sid="750099802435622" type="System">
                                            <param id="0" name="First value">scrolly</param>
                                            <param id="1" name="Comparison">2</param>
                                            <param id="2" name="Second value">Controller_Rooms.rm_top</param>
                                        </condition>
                                    </conditions>
                                    <actions>
                                        <action id="-10" name="Set value" sid="4338218248793959" type="Controller_Rooms">
                                            <param id="0" name="Instance variable">rmTran_state</param>
                                            <param id="1" name="Value">&quot;alignment_room_down&quot;</param>
                                        </action>
                                    </actions>
                                </event-block>
                                <event-block sid="3699515441907175">
                                    <conditions>
                                        <condition id="-8" name="Compare two values" sid="4237713213547208" type="System">
                                            <param id="0" name="First value">scrolly</param>
                                            <param id="1" name="Comparison">4</param>
                                            <param id="2" name="Second value">Controller_Rooms.rm_bottom</param>
                                        </condition>
                                    </conditions>
                                    <actions>
                                        <action id="-10" name="Set value" sid="9012338668292341" type="Controller_Rooms">
                                            <param id="0" name="Instance variable">rmTran_state</param>
                                            <param id="1" name="Value">&quot;alignment_room_up&quot;</param>
                                        </action>
                                    </actions>
                                </event-block>
                            </sub-events>
                        </event-block>
                    </sub-events>
                </event-block>
                <comment>RoomZone alignment</comment>
                <event-block sid="9887546167380158">
                    <conditions>
                        <condition id="-7" name="Compare instance variable" sid="964701159211277" type="Controller_Rooms">
                            <param id="0" name="Instance variable">rmTran_state</param>
                            <param id="1" name="Comparison">0</param>
                            <param id="2" name="Value">&quot;alignment_room_down&quot;</param>
                        </condition>
                    </conditions>
                    <actions />
                    <sub-events>
                        <event-block sid="6644271489674906">
                            <conditions>
                                <condition id="-8" name="Compare two values" sid="772132829670089" type="System">
                                    <param id="0" name="First value">scrolly</param>
                                    <param id="1" name="Comparison">2</param>
                                    <param id="2" name="Second value">Controller_Rooms.rm_top</param>
                                </condition>
                            </conditions>
                            <actions>
                                <action id="-6" name="Scroll to Y" sid="2393744663003658" type="System">
                                    <param id="0" name="Y">scrolly + Controller_Rooms.rmTran_speed / 2 * Controller_Rooms.dt</param>
                                </action>
                            </actions>
                        </event-block>
                        <event-block sid="5746167063635979">
                            <conditions>
                                <condition id="-8" name="Compare two values" sid="2611746249159353" type="System">
                                    <param id="0" name="First value">scrolly</param>
                                    <param id="1" name="Comparison">5</param>
                                    <param id="2" name="Second value">Controller_Rooms.rm_top</param>
                                </condition>
                            </conditions>
                            <actions>
                                <action id="-6" name="Scroll to Y" sid="3014869427549119" type="System">
                                    <param id="0" name="Y">Controller_Rooms.rm_top</param>
                                </action>
                                <action id="-10" name="Set value" sid="295774315460797" type="Controller_Rooms">
                                    <param id="0" name="Instance variable">rmTran_state</param>
                                    <param id="1" name="Value">&quot;transition&quot;</param>
                                </action>
                            </actions>
                        </event-block>
                    </sub-events>
                </event-block>
                <event-block sid="2559921517724776">
                    <conditions>
                        <condition id="-7" name="Compare instance variable" sid="4436799364522862" type="Controller_Rooms">
                            <param id="0" name="Instance variable">rmTran_state</param>
                            <param id="1" name="Comparison">0</param>
                            <param id="2" name="Value">&quot;alignment_room_up&quot;</param>
                        </condition>
                    </conditions>
                    <actions />
                    <sub-events>
                        <event-block sid="7444057660190134">
                            <conditions>
                                <condition id="-8" name="Compare two values" sid="5002425962300312" type="System">
                                    <param id="0" name="First value">scrolly</param>
                                    <param id="1" name="Comparison">4</param>
                                    <param id="2" name="Second value">Controller_Rooms.rm_bottom</param>
                                </condition>
                            </conditions>
                            <actions>
                                <action id="-6" name="Scroll to Y" sid="8037103832148786" type="System">
                                    <param id="0" name="Y">scrolly - Controller_Rooms.rmTran_speed / 2 * Controller_Rooms.dt</param>
                                </action>
                            </actions>
                        </event-block>
                        <event-block sid="9216401598415311">
                            <conditions>
                                <condition id="-8" name="Compare two values" sid="900127016849627" type="System">
                                    <param id="0" name="First value">scrolly</param>
                                    <param id="1" name="Comparison">3</param>
                                    <param id="2" name="Second value">Controller_Rooms.rm_bottom</param>
                                </condition>
                            </conditions>
                            <actions>
                                <action id="-6" name="Scroll to Y" sid="7275591114433488" type="System">
                                    <param id="0" name="Y">Controller_Rooms.rm_bottom</param>
                                </action>
                                <action id="-10" name="Set value" sid="5175331986299646" type="Controller_Rooms">
                                    <param id="0" name="Instance variable">rmTran_state</param>
                                    <param id="1" name="Value">&quot;transition&quot;</param>
                                </action>
                            </actions>
                        </event-block>
                    </sub-events>
                </event-block>
                <comment>Transition</comment>
                <event-block sid="446245426102141">
                    <conditions>
                        <condition id="-7" name="Compare instance variable" sid="6657086670548736" type="Controller_Rooms">
                            <param id="0" name="Instance variable">rmTran_state</param>
                            <param id="1" name="Comparison">0</param>
                            <param id="2" name="Value">&quot;transition&quot;</param>
                        </condition>
                    </conditions>
                    <actions />
                    <sub-events>
                        <comment>scroll right</comment>
                        <event-block sid="2869665115381682">
                            <conditions>
                                <condition id="-7" name="Compare instance variable" sid="168274878557811" type="Controller_Rooms">
                                    <param id="0" name="Instance variable">rmTran_direction</param>
                                    <param id="1" name="Comparison">0</param>
                                    <param id="2" name="Value">&quot;right&quot;</param>
                                </condition>
                            </conditions>
                            <actions />
                            <sub-events>
                                <event-block sid="8124196067648013">
                                    <conditions>
                                        <condition id="-4" name="Trigger once while true" sid="5439490495228947" type="System" />
                                    </conditions>
                                    <actions>
                                        <action id="-10" name="Set value" sid="207382487435775" type="Controller_Rooms">
                                            <param id="0" name="Instance variable">rmTran_newX</param>
                                            <param id="1" name="Value">scrollx + RES_WIDTH</param>
                                        </action>
                                    </actions>
                                </event-block>
                                <event-block sid="3870818523902033">
                                    <conditions>
                                        <condition id="-8" name="Compare two values" sid="3566591253689145" type="System">
                                            <param id="0" name="First value">scrollx</param>
                                            <param id="1" name="Comparison">2</param>
                                            <param id="2" name="Second value">Controller_Rooms.rmTran_newX</param>
                                        </condition>
                                    </conditions>
                                    <actions>
                                        <action id="-5" name="Scroll to X" sid="3888628887923586" type="System">
                                            <param id="0" name="X">scrollx + Controller_Rooms.rmTran_speed * Controller_Rooms.dt</param>
                                        </action>
                                        <action id="-1" name="Set X" sid="9594559597645088" type="Player_Base">
                                            <param id="0" name="X">Self.X + (Controller_Rooms.rmTran_speed / 8) * Controller_Rooms.dt</param>
                                        </action>
                                    </actions>
                                </event-block>
                                <event-block sid="7723757873602398">
                                    <conditions>
                                        <condition id="-8" name="Compare two values" sid="6697501391342079" type="System">
                                            <param id="0" name="First value">scrollx</param>
                                            <param id="1" name="Comparison">5</param>
                                            <param id="2" name="Second value">Controller_Rooms.rmTran_newX</param>
                                        </condition>
                                    </conditions>
                                    <actions>
                                        <action id="-5" name="Scroll to X" sid="8101697339427958" type="System">
                                            <param id="0" name="X">Controller_Rooms.rmTran_newX</param>
                                        </action>
                                        <action id="-10" name="Set value" sid="6890962480551368" type="Controller_Rooms">
                                            <param id="0" name="Instance variable">rmTran_state</param>
                                            <param id="1" name="Value">&quot;alignment_check_player&quot;</param>
                                        </action>
                                    </actions>
                                </event-block>
                            </sub-events>
                        </event-block>
                        <comment>scroll left</comment>
                        <event-block any="1" sid="6898852915136564">
                            <conditions>
                                <condition id="-7" name="Compare instance variable" sid="4534930177112908" type="Controller_Rooms">
                                    <param id="0" name="Instance variable">rmTran_direction</param>
                                    <param id="1" name="Comparison">0</param>
                                    <param id="2" name="Value">&quot;left&quot;</param>
                                </condition>
                            </conditions>
                            <actions />
                            <sub-events>
                                <event-block sid="2064623241146721">
                                    <conditions>
                                        <condition id="-4" name="Trigger once while true" sid="4631909101911902" type="System" />
                                    </conditions>
                                    <actions>
                                        <action id="-10" name="Set value" sid="4567239617011001" type="Controller_Rooms">
                                            <param id="0" name="Instance variable">rmTran_newX</param>
                                            <param id="1" name="Value">scrollx - RES_WIDTH</param>
                                        </action>
                                    </actions>
                                </event-block>
                                <event-block sid="9118810329176842">
                                    <conditions>
                                        <condition id="-8" name="Compare two values" sid="8118497774457269" type="System">
                                            <param id="0" name="First value">scrollx</param>
                                            <param id="1" name="Comparison">4</param>
                                            <param id="2" name="Second value">Controller_Rooms.rmTran_newX</param>
                                        </condition>
                                    </conditions>
                                    <actions>
                                        <action id="-5" name="Scroll to X" sid="5217972842381193" type="System">
                                            <param id="0" name="X">scrollx - Controller_Rooms.rmTran_speed * Controller_Rooms.dt</param>
                                        </action>
                                        <action id="-1" name="Set X" sid="5524387005839917" type="Player_Base">
                                            <param id="0" name="X">Self.X - (Controller_Rooms.rmTran_speed / 8) * Controller_Rooms.dt</param>
                                        </action>
                                    </actions>
                                </event-block>
                                <event-block sid="9397291887102348">
                                    <conditions>
                                        <condition id="-8" name="Compare two values" sid="3695117281599337" type="System">
                                            <param id="0" name="First value">scrollx</param>
                                            <param id="1" name="Comparison">3</param>
                                            <param id="2" name="Second value">Controller_Rooms.rmTran_newX</param>
                                        </condition>
                                    </conditions>
                                    <actions>
                                        <action id="-5" name="Scroll to X" sid="356159086441853" type="System">
                                            <param id="0" name="X">Controller_Rooms.rmTran_newX</param>
                                        </action>
                                        <action id="-10" name="Set value" sid="8472072605563716" type="Controller_Rooms">
                                            <param id="0" name="Instance variable">rmTran_state</param>
                                            <param id="1" name="Value">&quot;alignment_check_player&quot;</param>
                                        </action>
                                    </actions>
                                </event-block>
                            </sub-events>
                        </event-block>
                    </sub-events>
                </event-block>
                <comment>Player alignment check</comment>
                <event-block sid="821235975986915">
                    <conditions>
                        <condition id="-7" name="Compare instance variable" sid="4390067464744505" type="Controller_Rooms">
                            <param id="0" name="Instance variable">rmTran_state</param>
                            <param id="1" name="Comparison">0</param>
                            <param id="2" name="Value">&quot;alignment_check_player&quot;</param>
                        </condition>
                    </conditions>
                    <actions />
                    <sub-events>
                        <event-block any="1" sid="3328793108841951">
                            <conditions>
                                <condition id="-2" name="Compare Y" sid="330066687853518" type="Player_Base">
                                    <param id="0" name="Comparison">3</param>
                                    <param id="1" name="Y co-ordinate">Controller_Rooms.rm_top</param>
                                </condition>
                                <condition id="-2" name="Compare Y" sid="3447408932606482" type="Player_Base">
                                    <param id="0" name="Comparison">5</param>
                                    <param id="1" name="Y co-ordinate">Controller_Rooms.rm_bottom</param>
                                </condition>
                            </conditions>
                            <actions>
                                <action id="-10" name="Set value" sid="5301784522202682" type="Controller_Rooms">
                                    <param id="0" name="Instance variable">rmTran_state</param>
                                    <param id="1" name="Value">&quot;finish&quot;</param>
                                </action>
                            </actions>
                        </event-block>
                        <event-block sid="9735603073505617">
                            <conditions>
                                <condition id="-2" name="Compare Y" sid="3784749240880108" type="Player_Base">
                                    <param id="0" name="Comparison">4</param>
                                    <param id="1" name="Y co-ordinate">Controller_Rooms.rm_top</param>
                                </condition>
                                <condition id="-2" name="Compare Y" sid="1061480072835881" type="Player_Base">
                                    <param id="0" name="Comparison">2</param>
                                    <param id="1" name="Y co-ordinate">Controller_Rooms.rm_bottom</param>
                                </condition>
                            </conditions>
                            <actions />
                            <sub-events>
                                <event-block sid="2123170412071009">
                                    <conditions>
                                        <condition id="-8" name="Compare two values" sid="3305763147767228" type="System">
                                            <param id="0" name="First value">scrolly</param>
                                            <param id="1" name="Comparison">2</param>
                                            <param id="2" name="Second value">Player_Base.Y</param>
                                        </condition>
                                    </conditions>
                                    <actions>
                                        <action id="-10" name="Set value" sid="5576976305081745" type="Controller_Rooms">
                                            <param id="0" name="Instance variable">rmTran_state</param>
                                            <param id="1" name="Value">&quot;alignment_player_down&quot;</param>
                                        </action>
                                    </actions>
                                </event-block>
                                <event-block sid="3517313493052707">
                                    <conditions>
                                        <condition id="-8" name="Compare two values" sid="1546415430388205" type="System">
                                            <param id="0" name="First value">scrolly</param>
                                            <param id="1" name="Comparison">4</param>
                                            <param id="2" name="Second value">Player_Base.Y</param>
                                        </condition>
                                    </conditions>
                                    <actions>
                                        <action id="-10" name="Set value" sid="3964709493330992" type="Controller_Rooms">
                                            <param id="0" name="Instance variable">rmTran_state</param>
                                            <param id="1" name="Value">&quot;alignment_player_up&quot;</param>
                                        </action>
                                    </actions>
                                </event-block>
                                <event-block sid="9935655408241258">
                                    <conditions>
                                        <condition id="-8" name="Compare two values" sid="2076583877130831" type="System">
                                            <param id="0" name="First value">scrolly</param>
                                            <param id="1" name="Comparison">0</param>
                                            <param id="2" name="Second value">Player_Base.Y</param>
                                        </condition>
                                    </conditions>
                                    <actions>
                                        <action id="-10" name="Set value" sid="8339917686106137" type="Controller_Rooms">
                                            <param id="0" name="Instance variable">rmTran_state</param>
                                            <param id="1" name="Value">&quot;finish&quot;</param>
                                        </action>
                                    </actions>
                                </event-block>
                            </sub-events>
                        </event-block>
                    </sub-events>
                </event-block>
                <comment>Player alignment</comment>
                <event-block sid="5328132424991511">
                    <conditions>
                        <condition id="-7" name="Compare instance variable" sid="2189960007767376" type="Controller_Rooms">
                            <param id="0" name="Instance variable">rmTran_state</param>
                            <param id="1" name="Comparison">0</param>
                            <param id="2" name="Value">&quot;alignment_player_up&quot;</param>
                        </condition>
                    </conditions>
                    <actions />
                    <sub-events>
                        <event-block sid="4003910450239778">
                            <conditions>
                                <condition id="-8" name="Compare two values" sid="8954082389539056" type="System">
                                    <param id="0" name="First value">scrolly</param>
                                    <param id="1" name="Comparison">4</param>
                                    <param id="2" name="Second value">Player_Base.Y</param>
                                </condition>
                            </conditions>
                            <actions>
                                <action id="-6" name="Scroll to Y" sid="1150998297823186" type="System">
                                    <param id="0" name="Y">scrolly - Controller_Rooms.rmTran_speed / 2 * Controller_Rooms.dt</param>
                                </action>
                            </actions>
                        </event-block>
                        <event-block sid="8571346162684775">
                            <conditions>
                                <condition id="-8" name="Compare two values" sid="5796618106976425" type="System">
                                    <param id="0" name="First value">scrolly</param>
                                    <param id="1" name="Comparison">3</param>
                                    <param id="2" name="Second value">Player_Base.Y</param>
                                </condition>
                            </conditions>
                            <actions>
                                <action id="-6" name="Scroll to Y" sid="9879180819326412" type="System">
                                    <param id="0" name="Y">Player_Base.Y</param>
                                </action>
                                <action id="-10" name="Set value" sid="6340546226338344" type="Controller_Rooms">
                                    <param id="0" name="Instance variable">rmTran_state</param>
                                    <param id="1" name="Value">&quot;finish&quot;</param>
                                </action>
                            </actions>
                        </event-block>
                    </sub-events>
                </event-block>
                <event-block sid="6172325765997075">
                    <conditions>
                        <condition id="-7" name="Compare instance variable" sid="1447202149248123" type="Controller_Rooms">
                            <param id="0" name="Instance variable">rmTran_state</param>
                            <param id="1" name="Comparison">0</param>
                            <param id="2" name="Value">&quot;alignment_player_down&quot;</param>
                        </condition>
                    </conditions>
                    <actions />
                    <sub-events>
                        <event-block sid="6648184165763384">
                            <conditions>
                                <condition id="-8" name="Compare two values" sid="7014224890998156" type="System">
                                    <param id="0" name="First value">scrolly</param>
                                    <param id="1" name="Comparison">2</param>
                                    <param id="2" name="Second value">Player_Base.Y</param>
                                </condition>
                            </conditions>
                            <actions>
                                <action id="-6" name="Scroll to Y" sid="9190566610671805" type="System">
                                    <param id="0" name="Y">scrolly + Controller_Rooms.rmTran_speed / 2 * Controller_Rooms.dt</param>
                                </action>
                            </actions>
                        </event-block>
                        <event-block sid="9791914342060769">
                            <conditions>
                                <condition id="-8" name="Compare two values" sid="6324366791131618" type="System">
                                    <param id="0" name="First value">scrolly</param>
                                    <param id="1" name="Comparison">5</param>
                                    <param id="2" name="Second value">Player_Base.Y</param>
                                </condition>
                            </conditions>
                            <actions>
                                <action id="-6" name="Scroll to Y" sid="760076612583977" type="System">
                                    <param id="0" name="Y">Player_Base.Y</param>
                                </action>
                                <action id="-10" name="Set value" sid="3812414589275787" type="Controller_Rooms">
                                    <param id="0" name="Instance variable">rmTran_state</param>
                                    <param id="1" name="Value">&quot;finish&quot;</param>
                                </action>
                            </actions>
                        </event-block>
                    </sub-events>
                </event-block>
                <comment>Finish room transition (with a delay of 0.5 seconds)</comment>
                <event-block sid="4125244118295424">
                    <conditions>
                        <condition id="-7" name="Compare instance variable" sid="763144915801972" type="Controller_Rooms">
                            <param id="0" name="Instance variable">rmTran_state</param>
                            <param id="1" name="Comparison">0</param>
                            <param id="2" name="Value">&quot;finish&quot;</param>
                        </condition>
                    </conditions>
                    <actions>
                        <action id="-11" name="Add to" sid="9852790896231325" type="Controller_Rooms">
                            <param id="0" name="Instance variable">rmTran_timer</param>
                            <param id="1" name="Value">Controller_Rooms.dt</param>
                        </action>
                    </actions>
                    <sub-events>
                        <event-block sid="3598747612858563">
                            <conditions>
                                <condition id="-7" name="Compare instance variable" sid="9888596937708824" type="Controller_Rooms">
                                    <param id="0" name="Instance variable">rmTran_timer</param>
                                    <param id="1" name="Comparison">5</param>
                                    <param id="2" name="Value">0.5</param>
                                </condition>
                            </conditions>
                            <actions>
                                <action id="-10" name="Set value" sid="4321580384732192" type="Controller_Rooms">
                                    <param id="0" name="Instance variable">rmTran_state</param>
                                    <param id="1" name="Value">&quot;&quot;</param>
                                </action>
                                <action id="-10" name="Set value" sid="3736715202368387" type="Controller_Rooms">
                                    <param id="0" name="Instance variable">rmTran_direction</param>
                                    <param id="1" name="Value">&quot;&quot;</param>
                                </action>
                                <action id="-10" name="Set value" sid="3003369391682285" type="Controller_Rooms">
                                    <param id="0" name="Instance variable">rmTran_timer</param>
                                    <param id="1" name="Value">0</param>
                                </action>
                                <action id="0" name="Call function" sid="7859659989806725" type="Function">
                                    <param id="0" name="Name">&quot;Room_Unload&quot;</param>
                                    <param id="1" name="Parameter {n}">Controller_Rooms.rm_currentUID</param>
                                </action>
                                <action id="-13" name="Set time scale" sid="7412554137829244" type="System">
                                    <param id="0" name="Time scale">1</param>
                                </action>
                                <action id="-9" name="Set value" sid="3776776149025852" type="System">
                                    <param id="0" name="Variable">PAUSE_LOCK</param>
                                    <param id="1" name="Value">0</param>
                                </action>
                                <action id="-12" name="Set group active" sid="6794572803294073" type="System">
                                    <param id="0" name="Group name">&quot;Player Engine&quot;</param>
                                    <param id="1" name="State">1</param>
                                </action>
                            </actions>
                        </event-block>
                    </sub-events>
                </event-block>
            </sub-events>
        </event-group>
        <event-group description="These functions manage objects during room transitions. Notice they only affect the RoomObjects family. You can add other families / object types if you need. Tilemaps, Backgrounds, etc. are not included here because they don&apos;t need to be managed like this. Instead, they&apos;re placed in layers that utilize Rendering Cells." sid="5512890135408864" title="Load / Unload rooms">
            <sub-events>
                <comment>&quot;Load Room&quot; recreates the initial instances in a room. This is called at the start of a room transition.</comment>
                <event-block sid="8218099483127247">
                    <conditions>
                        <condition id="0" name="On function" sid="1991567030126585" type="Function">
                            <param id="0" name="Name">&quot;Room_Load&quot;</param>
                        </condition>
                    </conditions>
                    <actions />
                    <sub-events>
                        <event-block sid="8709378281433679">
                            <conditions>
                                <condition id="-14" name="Pick by unique ID" sid="2064503066952858" type="RoomZone">
                                    <param id="0" name="Unique ID">Controller_Rooms.rm_currentUID</param>
                                </condition>
                            </conditions>
                            <actions>
                                <action id="-46" name="Recreate initial objects" sid="8453045923709732" type="System">
                                    <param id="0" name="Object">RoomObjects</param>
                                    <param id="1" name="From X">RoomZone.X</param>
                                    <param id="2" name="From Y">RoomZone.Y</param>
                                    <param id="3" name="To X">RoomZone.X + RoomZone.Width - 1</param>
                                    <param id="4" name="To Y">RoomZone.Y + RoomZone.Height - 1</param>
                                </action>
                            </actions>
                        </event-block>
                    </sub-events>
                </event-block>
                <comment>This prevents items that have been previously collected from showing up again. See event 10 in eCollectibles to see how Data_Persist gets the keys.</comment>
                <event-block sid="1657667773942033">
                    <conditions>
                        <condition id="-3" name="Is on-screen" sid="4403244697709435" type="Items" />
                        <condition id="-4" name="Trigger once while true" sid="5396696988567574" type="System" />
                    </conditions>
                    <actions>
                        <action id="0" name="Call function" sid="6592602467601102" type="Function">
                            <param id="0" name="Name">&quot;CheckItems&quot;</param>
                            <param id="1" name="Parameter {n}"></param>
                        </action>
                    </actions>
                </event-block>
                <event-block sid="846003123638713">
                    <conditions>
                        <condition id="0" name="On function" sid="1281606229035585" type="Function">
                            <param id="0" name="Name">&quot;CheckItems&quot;</param>
                        </condition>
                        <condition id="1" name="For each key" sid="6907247681847221" type="Data_Persist" />
                        <condition id="-7" name="Compare instance variable" sid="5401156277030742" type="Items">
                            <param id="0" name="Instance variable">ID</param>
                            <param id="1" name="Comparison">0</param>
                            <param id="2" name="Value">Data_Persist.CurrentKey</param>
                        </condition>
                    </conditions>
                    <actions>
                        <action id="-9" name="Destroy" sid="5103169337178303" type="Items" />
                    </actions>
                </event-block>
                <comment>&quot;Unload Room&quot; destroys all objects outside of a room. This is called at the start of a room transition to destroy rogue objects outside of the starting room, and at the end to destroy objects outside of the ending room.</comment>
                <event-block sid="4171473223832357">
                    <conditions>
                        <condition id="0" name="On function" sid="1995725768115056" type="Function">
                            <param id="0" name="Name">&quot;Room_Unload&quot;</param>
                        </condition>
                        <condition id="-14" name="Pick by unique ID" sid="5088573877628448" type="RoomZone">
                            <param id="0" name="Unique ID">Controller_Rooms.rm_currentUID</param>
                        </condition>
                    </conditions>
                    <actions />
                    <sub-events>
                        <event-block any="1" sid="1674181571982743">
                            <conditions>
                                <condition id="-1" name="Compare X" sid="1314655423685451" type="RoomObjects">
                                    <param id="0" name="Comparison">2</param>
                                    <param id="1" name="X co-ordinate">RoomZone.X</param>
                                </condition>
                                <condition id="-1" name="Compare X" sid="8011918174192306" type="RoomObjects">
                                    <param id="0" name="Comparison">5</param>
                                    <param id="1" name="X co-ordinate">RoomZone.X + RoomZone.Width</param>
                                </condition>
                                <condition id="-2" name="Compare Y" sid="6056662278697038" type="RoomObjects">
                                    <param id="0" name="Comparison">2</param>
                                    <param id="1" name="Y co-ordinate">RoomZone.Y</param>
                                </condition>
                                <condition id="-2" name="Compare Y" sid="8427240261049458" type="RoomObjects">
                                    <param id="0" name="Comparison">5</param>
                                    <param id="1" name="Y co-ordinate">RoomZone.Y + RoomZone.Height</param>
                                </condition>
                            </conditions>
                            <actions>
                                <action id="-9" name="Destroy" sid="2134079485883696" type="RoomObjects" />
                            </actions>
                        </event-block>
                    </sub-events>
                </event-block>
            </sub-events>
        </event-group>
    </events>
</c2eventsheet>
