﻿<?xml version="1.0" encoding="utf-8" ?>
<c2eventsheet>
    <!--All the 'name' attributes are ignored by Construct 2 - they are there for readability only.-->
    <name>eTitleScreen</name>
    <events>
        <include>eFX</include>
        <include>eMenus</include>
        <include>eSaveData</include>
        <event-block sid="4588664773111451">
            <conditions>
                <condition id="-2" name="On start of layout" sid="6031791744978784" type="System" />
            </conditions>
            <actions>
                <action id="0" name="Call function" sid="7799621132741204" type="Function">
                    <param id="0" name="Name">&quot;Transition&quot;</param>
                    <param id="1" name="Parameter {n}">&quot;in&quot;</param>
                </action>
                <action id="-13" name="Set boolean" sid="1808343221441982" type="Controller_Menu">
                    <param id="0" name="Instance variable">MenuLock</param>
                    <param id="1" name="Value">0</param>
                </action>
                <action id="0" name="Play" sid="917120423812934" type="Audio">
                    <param id="0" name="Audio file">04_All_of_Us</param>
                    <param id="2" name="Loop">0</param>
                    <param id="3" name="Volume">0</param>
                    <param id="1" name="Tag (optional)">&quot;all&quot;</param>
                </action>
            </actions>
        </event-block>
        <event-group description="See: eMenus" sid="8294993801097322" title="Menu">
            <sub-events>
                <comment>Check if any save data exists. If so, move the cursor to &quot;Load Game&quot; so you don&apos;t accidentally start a new game.</comment>
                <event-block sid="3049819883062346">
                    <conditions>
                        <condition id="-2" name="On start of layout" sid="758846300881044" type="System" />
                    </conditions>
                    <actions>
                        <action id="5" name="Check item exists" sid="6860000186989702" type="LocalStorage">
                            <param id="0" name="Key">&quot;SaveData&quot;</param>
                        </action>
                    </actions>
                </event-block>
                <event-block sid="9349758294047658">
                    <conditions>
                        <condition id="9" name="On item exists" sid="6710841301955663" type="LocalStorage">
                            <param id="0" name="Key">&quot;SaveData&quot;</param>
                        </condition>
                    </conditions>
                    <actions>
                        <action id="-10" name="Set value" sid="415107858326768" type="Controller_Menu">
                            <param id="0" name="Instance variable">ID</param>
                            <param id="1" name="Value">1</param>
                        </action>
                    </actions>
                </event-block>
                <comment>Select something on the menu</comment>
                <event-block sid="2449092546472477">
                    <conditions>
                        <condition id="0" name="On function" sid="2474079794627291" type="Function">
                            <param id="0" name="Name">&quot;Menu_Select&quot;</param>
                        </condition>
                    </conditions>
                    <actions />
                    <sub-events>
                        <comment>New Game</comment>
                        <event-block sid="9478663330293883">
                            <conditions>
                                <condition id="1" name="Compare parameter" sid="2057725901223749" type="Function">
                                    <param id="0" name="Index">0</param>
                                    <param id="1" name="Comparison">0</param>
                                    <param id="2" name="Value">&quot;TitleScreen&quot;</param>
                                </condition>
                                <condition id="1" name="Compare parameter" sid="5700705573520242" type="Function">
                                    <param id="0" name="Index">1</param>
                                    <param id="1" name="Comparison">0</param>
                                    <param id="2" name="Value">0</param>
                                </condition>
                            </conditions>
                            <actions>
                                <action id="-13" name="Set boolean" sid="7041561645121376" type="Controller_Menu">
                                    <param id="0" name="Instance variable">MenuLock</param>
                                    <param id="1" name="Value">1</param>
                                </action>
                                <action id="-9" name="Set value" sid="5262679086586608" type="System">
                                    <param id="0" name="Variable">LOADGAME</param>
                                    <param id="1" name="Value">0</param>
                                </action>
                                <action id="0" name="Call function" sid="8014861251413466" type="Function">
                                    <param id="0" name="Name">&quot;SaveData_Default&quot;</param>
                                    <param id="1" name="Parameter {n}"></param>
                                </action>
                                <action id="0" name="Call function" sid="181631379914603" type="Function">
                                    <param id="0" name="Name">&quot;Transition&quot;</param>
                                    <param id="1" name="Parameter {n}">&quot;out&quot;</param>
                                </action>
                                <action id="-16" name="Wait" sid="4108735444402023" type="System">
                                    <param id="0" name="Seconds">1</param>
                                </action>
                                <action id="-2" name="Go to layout" sid="6035315912443986" type="System">
                                    <param id="0" name="Layout">GameRoom</param>
                                </action>
                            </actions>
                        </event-block>
                        <comment>Load Game (see event 8)</comment>
                        <event-block sid="6984747153523777">
                            <conditions>
                                <condition id="1" name="Compare parameter" sid="8516271476292495" type="Function">
                                    <param id="0" name="Index">0</param>
                                    <param id="1" name="Comparison">0</param>
                                    <param id="2" name="Value">&quot;TitleScreen&quot;</param>
                                </condition>
                                <condition id="1" name="Compare parameter" sid="6386679180882739" type="Function">
                                    <param id="0" name="Index">1</param>
                                    <param id="1" name="Comparison">0</param>
                                    <param id="2" name="Value">1</param>
                                </condition>
                            </conditions>
                            <actions>
                                <action id="-13" name="Set boolean" sid="1238249264121686" type="Controller_Menu">
                                    <param id="0" name="Instance variable">MenuLock</param>
                                    <param id="1" name="Value">1</param>
                                </action>
                                <action id="0" name="Call function" sid="4051527108298657" type="Function">
                                    <param id="0" name="Name">&quot;SaveData_Load&quot;</param>
                                    <param id="1" name="Parameter {n}"></param>
                                </action>
                                <action id="-9" name="Set value" sid="8298979391175892" type="System">
                                    <param id="0" name="Variable">LOADGAME</param>
                                    <param id="1" name="Value">1</param>
                                </action>
                            </actions>
                        </event-block>
                        <event-block sid="5485682994689048">
                            <conditions>
                                <condition id="1" name="Compare parameter" sid="6670762357212029" type="Function">
                                    <param id="0" name="Index">0</param>
                                    <param id="1" name="Comparison">0</param>
                                    <param id="2" name="Value">&quot;TitleScreen&quot;</param>
                                </condition>
                                <condition id="1" name="Compare parameter" sid="3365403662249051" type="Function">
                                    <param id="0" name="Index">1</param>
                                    <param id="1" name="Comparison">0</param>
                                    <param id="2" name="Value">2</param>
                                </condition>
                            </conditions>
                            <actions>
                                <action id="-2" name="Go to layout" sid="911426897990270" type="System">
                                    <param id="0" name="Layout">Instructions</param>
                                </action>
                            </actions>
                        </event-block>
                    </sub-events>
                </event-block>
                <comment>Event 6 calls SaveData_Load which retrieves &apos;SaveData&apos; from LocalStorage. After that&apos;s loaded we go to GameRoom.</comment>
                <event-block sid="6910778432113109">
                    <conditions>
                        <condition id="1" name="On item get" sid="8678213161684514" type="LocalStorage">
                            <param id="0" name="Key">&quot;SaveData&quot;</param>
                        </condition>
                    </conditions>
                    <actions>
                        <action id="-2" name="Go to layout" sid="4287343392630104" type="System">
                            <param id="0" name="Layout">GameRoom</param>
                        </action>
                    </actions>
                </event-block>
            </sub-events>
        </event-group>
        <event-group description="" sid="7848367471230834" title="Window Scale &amp; Positioning">
            <sub-events>
                <variable constant="0" name="h" sid="8748611120632943" static="1" type="number">0</variable>
                <variable constant="0" name="w" sid="5365649480372046" static="1" type="number">0</variable>
                <event-block sid="2330024692379458">
                    <conditions>
                        <condition id="-2" name="On start of layout" sid="9389329240309398" type="System" />
                        <condition id="-8" name="Compare two values" sid="617521588891342" type="System">
                            <param id="0" name="First value">nwjs.WindowWidth</param>
                            <param id="1" name="Comparison">2</param>
                            <param id="2" name="Second value">480</param>
                        </condition>
                    </conditions>
                    <actions>
                        <action id="-9" name="Set value" sid="8496015511368691" type="System">
                            <param id="0" name="Variable">w</param>
                            <param id="1" name="Value">NWjs.WindowWidth - RES_WIDTH</param>
                        </action>
                        <action id="-9" name="Set value" sid="764868647590778" type="System">
                            <param id="0" name="Variable">h</param>
                            <param id="1" name="Value">NWjs.WindowHeight - RES_HEIGHT</param>
                        </action>
                        <action id="14" name="Set width" sid="394601581407863" type="NWjs">
                            <param id="0" name="Width">(RES_WIDTH * 3) + w</param>
                        </action>
                        <action id="15" name="Set height" sid="8535833116292491" type="NWjs">
                            <param id="0" name="Height">(RES_HEIGHT * 3) + h</param>
                        </action>
                        <action id="-16" name="Wait" sid="6763367226722994" type="System">
                            <param id="0" name="Seconds">0.1</param>
                        </action>
                        <action id="12" name="Set X" sid="1481837407061614" type="NWjs">
                            <param id="0" name="X">(Browser.ScreenWidth/2) - ((NWjs.WindowWidth+w)/2)</param>
                        </action>
                        <action id="13" name="Set Y" sid="4573752779722908" type="NWjs">
                            <param id="0" name="Y">(Browser.ScreenHeight/2) - ((NWjs.WindowHeight+h)/2)</param>
                        </action>
                    </actions>
                </event-block>
            </sub-events>
        </event-group>
        <event-block sid="374640847782647">
            <conditions>
                <condition id="-3" name="On end of layout" sid="663457757398766" type="System" />
            </conditions>
            <actions>
                <action id="6" name="Stop" sid="607438923966730" type="Audio">
                    <param id="0" name="Tag">&quot;all&quot;</param>
                </action>
            </actions>
        </event-block>
    </events>
</c2eventsheet>
