﻿<?xml version="1.0" encoding="utf-8" ?>
<c2uistate>
    <!--This is a UI state file - its content describes the user interface settings when the project was last open.
It is entirely optional and the project will load without it.  If you are placing the project under source control,
you probably do not want to add any .uistate.xml files to the repository.-->
    <configurations>
        <active>
            <configuration name="HTML5" />
        </active>
        <display name="HTML5" />
    </configurations>
    <open-tabs>
        <layout order="0">TitleScreen</layout>
        <layout order="5">ObjectBank</layout>
        <layout order="7">GameRoom</layout>
        <layout order="12">Instructions</layout>
        <event-sheet order="1">eSaveData</event-sheet>
        <event-sheet order="2">eCollectibles</event-sheet>
        <event-sheet order="3">eGlobalVariables</event-sheet>
        <event-sheet order="4">eHUD</event-sheet>
        <event-sheet order="6">ePlayer</event-sheet>
        <event-sheet order="8">eEnemies</event-sheet>
        <event-sheet order="9">eMain</event-sheet>
        <event-sheet order="10">eTitleScreen</event-sheet>
        <event-sheet order="11">eMenus</event-sheet>
        <event-sheet active="1" order="13">ending</event-sheet>
        <event-sheet order="14">eCutscenes</event-sheet>
    </open-tabs>
    <properties>
        <property expanded="1" name="About" />
        <property expanded="1" name="Project settings" />
        <property expanded="0" name="Window Size" />
        <property expanded="1" name="Configuration Settings" />
    </properties>
    <families-expanded root="0">
        <family expanded="0" name="Behaviors" />
        <family expanded="0" name="RoomObjects" />
        <family expanded="0" name="Enemies" />
        <family expanded="0" name="Projectiles" />
        <family expanded="0" name="Solids" />
        <family expanded="0" name="SpriteFonts" />
    </families-expanded>
    <folders-expanded>
        <folder expanded="0" path="object-folder/" />
        <folder expanded="1" path="object-folder/System/" />
        <folder expanded="1" path="object-folder/MiniMap/" />
        <folder expanded="1" path="object-folder/Player/" />
        <folder expanded="0" path="object-folder/Triggers &amp; Controllers/" />
        <folder expanded="1" path="object-folder/TileMaps/" />
        <folder expanded="0" path="object-folder/Backgrounds/" />
        <folder expanded="1" path="object-folder/HUD &amp; GUI/" />
        <folder expanded="1" path="object-folder/Projectiles/" />
        <folder expanded="1" path="object-folder/Enemies/" />
        <folder expanded="0" path="object-folder/Collectibles/" />
        <folder expanded="0" path="object-folder/Misc/" />
        <folder expanded="1" path="object-folder/LevelObjects/" />
        <folder expanded="0" path="object-folder/SubScreen/" />
        <folder expanded="1" path="layout-folder/" />
        <folder expanded="1" path="layout-folder/Main Layouts/" />
        <folder expanded="1" path="layout-folder/Global Layouts/" />
        <folder expanded="1" path="event-folder/" />
        <folder expanded="1" path="event-folder/Main Sheets/" />
        <folder expanded="1" path="event-folder/Included Sheets/" />
        <folder expanded="0" path="file-folder/" />
        <folder expanded="1" path="sound-folder/" />
        <folder expanded="1" path="music-folder/" />
        <folder expanded="1" path="file-folder/Icons/" />
        <folder expanded="1" path="animation-folder/MiniMap_Cursor/" />
        <folder expanded="1" path="animation-folder/MiniMap_Orientation/" />
        <folder expanded="1" path="animation-folder/MiniMap_Room/" />
        <folder expanded="1" path="animation-folder/MiniMap_Room2/" />
        <folder expanded="1" path="animation-folder/Player_Mask/" />
        <folder expanded="1" path="animation-folder/Player_Base/" />
        <folder expanded="1" path="animation-folder/Player_Spawn/" />
        <folder expanded="1" path="animation-folder/Controller_Rooms/" />
        <folder expanded="1" path="animation-folder/Trigger_Door/" />
        <folder expanded="1" path="animation-folder/Controller_Menu/" />
        <folder expanded="1" path="animation-folder/Trigger_Ship/" />
        <folder expanded="1" path="animation-folder/Trigger_Ship2/" />
        <folder expanded="1" path="animation-folder/Backgrounds/" />
        <folder expanded="1" path="animation-folder/Star/" />
        <folder expanded="1" path="animation-folder/HUD_EnergyTab/" />
        <folder expanded="1" path="animation-folder/HUD_EnergyTank/" />
        <folder expanded="1" path="animation-folder/HUD_MissileCounter/" />
        <folder expanded="1" path="animation-folder/Logo/" />
        <folder expanded="1" path="animation-folder/Player_Bullet/" />
        <folder expanded="1" path="animation-folder/Player_Missile/" />
        <folder expanded="1" path="animation-folder/En_ground/" />
        <folder expanded="1" path="animation-folder/En_Hopper/" />
        <folder expanded="1" path="animation-folder/En_flyingtype/" />
        <folder expanded="1" path="animation-folder/Spawner_flyingtype/" />
        <folder expanded="1" path="animation-folder/Items/" />
        <folder expanded="1" path="animation-folder/Pickups/" />
        <folder expanded="1" path="animation-folder/Particles/" />
        <folder expanded="1" path="animation-folder/Transition/" />
        <folder expanded="1" path="animation-folder/SavePlatform/" />
        <folder expanded="1" path="animation-folder/Block/" />
        <folder expanded="1" path="animation-folder/Ship/" />
        <folder expanded="1" path="animation-folder/SubScreen_Backing/" />
        <folder expanded="1" path="animation-folder/Subscreen_ItemTab/" />
        <folder expanded="1" path="animation-folder/SubScreen_PlayerWireFrame/" />
        <folder expanded="1" path="animation-folder/Sprite/" />
    </folders-expanded>
</c2uistate>
